216001;15;1;NULL;Avera (Rurutu);441001010;3;1;A côté de la mairie;Pas d'informations;En01;8;NULL;Gestionnaire 01;Enquêteur 01
216002;95;1;NULL;Avera (Rurutu);441001010;14;1;A côté de la mairie;Pas d'informations;En01;8;NULL;Gestionnaire 01;Enquêteur 01
216003;67;1;NULL;Avera (Rurutu);441001010;20;1;A côté de la mairie;Pas d'informations;En01;8;NULL;Gestionnaire 01;Enquêteur 01
216004;91;1;NULL;Avera (Rurutu);441001010;21;1;A côté de la mairie;Pas d'informations;En01;8;NULL;Gestionnaire 01;Enquêteur 01
216005;7;1;NULL;Avera (Rurutu);441001010;25;1;A côté de la mairie;Pas d'informations;En01;8;NULL;Gestionnaire 01;Enquêteur 01
216006;55;1;NULL;Avera (Rurutu);441001010;28;1;A côté de la mairie;Pas d'informations;En01;8;NULL;Gestionnaire 01;Enquêteur 01
216009;91;1;NULL;Avera (Rurutu);441001010;51;1;A côté de la mairie;Pas d'informations;En02;8;NULL;Gestionnaire 01;Enquêteur 02
216010;47;1;NULL;Avera (Rurutu);441001010;61;1;A côté de la mairie;Pas d'informations;En02;8;NULL;Gestionnaire 01;Enquêteur 02
216011;43;1;NULL;Avera (Rurutu);441001010;66;1;A côté de la mairie;Pas d'informations;En02;8;NULL;Gestionnaire 01;Enquêteur 02
216012;99;1;NULL;Avera (Rurutu);441001010;71;1;A côté de la mairie;Pas d'informations;En02;8;NULL;Gestionnaire 01;Enquêteur 02
216013;7;1;NULL;Avera (Rurutu);441001010;75;1;A côté de la mairie;Pas d'informations;En02;8;NULL;Gestionnaire 01;Enquêteur 02
216014;35;1;NULL;Avera (Rurutu);441001010;77;1;A côté de la mairie;Pas d'informations;En02;8;NULL;Gestionnaire 01;Enquêteur 02
216015;27;1;NULL;Avera (Rurutu);441001010;81;1;A côté de la mairie;Pas d'informations;En02;8;NULL;Gestionnaire 01;Enquêteur 02
216016;39;1;NULL;Avera (Rurutu);441001010;82;1;A côté de la mairie;Pas d'informations;En02;8;NULL;Gestionnaire 01;Enquêteur 02
216007;39;1;NULL;Avera (Rurutu);441001010;31;1;A côté de la mairie;Pas d'informations;En02;8;NULL;Gestionnaire 01;Enquêteur 02
216008;51;1;NULL;Avera (Rurutu);441001010;48;1;A côté de la mairie;Pas d'informations;En02;8;NULL;Gestionnaire 01;Enquêteur 02
216037;91;1;NULL;Avera (Rurutu);441001020;104;1;A côté de la mairie;Pas d'informations;En01;9;NULL;Gestionnaire 01;Enquêteur 01
216038;95;1;NULL;Avera (Rurutu);441001020;107;1;A côté de la mairie;Pas d'informations;En01;9;NULL;Gestionnaire 01;Enquêteur 01
216039;55;1;NULL;Avera (Rurutu);441001020;109;1;A côté de la mairie;Pas d'informations;En02;9;NULL;Gestionnaire 01;Enquêteur 02
216031;27;1;NULL;Avera (Rurutu);441001020;71;1;A côté de la mairie;Pas d'informations;En01;10;NULL;Gestionnaire 01;Enquêteur 01
216032;47;1;NULL;Avera (Rurutu);441001020;76;1;A côté de la mairie;Pas d'informations;En01;10;NULL;Gestionnaire 01;Enquêteur 01
216033;87;1;NULL;Avera (Rurutu);441001020;78;1;A côté de la mairie;Pas d'informations;En01;10;NULL;Gestionnaire 01;Enquêteur 01
216022;63;1;NULL;Avera (Rurutu);441001020;31;1;A côté de la mairie;Pas d'informations;En02;9;NULL;Gestionnaire 01;Enquêteur 02
216023;27;1;NULL;Avera (Rurutu);441001020;37;1;A côté de la mairie;Pas d'informations;En01;10;NULL;Gestionnaire 01;Enquêteur 01
216024;83;1;NULL;Avera (Rurutu);441001020;38;1;A côté de la mairie;Pas d'informations;En02;9;NULL;Gestionnaire 01;Enquêteur 02
216017;87;1;NULL;Avera (Rurutu);441001020;5;1;A côté de la mairie;Pas d'informations;En01;9;NULL;Gestionnaire 01;Enquêteur 01
216018;51;1;NULL;Avera (Rurutu);441001020;6;1;A côté de la mairie;Pas d'informations;En01;9;NULL;Gestionnaire 01;Enquêteur 01
216028;95;1;NULL;Avera (Rurutu);441001020;47;1;A côté de la mairie;Pas d'informations;En02;9;NULL;Gestionnaire 01;Enquêteur 02
216029;99;1;NULL;Avera (Rurutu);441001020;51;1;A côté de la mairie;Pas d'informations;En02;9;NULL;Gestionnaire 01;Enquêteur 02
216030;67;1;NULL;Avera (Rurutu);441001020;52;1;A côté de la mairie;Pas d'informations;En02;9;NULL;Gestionnaire 01;Enquêteur 02
216019;3;1;NULL;Avera (Rurutu);441001020;8;1;A côté de la mairie;Pas d'informations;En01;9;NULL;Gestionnaire 01;Enquêteur 01
216020;7;1;NULL;Avera (Rurutu);441001020;11;1;A côté de la mairie;Pas d'informations;En01;9;NULL;Gestionnaire 01;Enquêteur 01
216021;63;1;NULL;Avera (Rurutu);441001020;12;1;A côté de la mairie;Pas d'informations;En01;9;NULL;Gestionnaire 01;Enquêteur 01
216034;7;1;NULL;Avera (Rurutu);441001020;80;1;A côté de la mairie;Pas d'informations;En01;10;NULL;Gestionnaire 01;Enquêteur 01
216035;47;1;NULL;Avera (Rurutu);441001020;92;1;A côté de la mairie;Pas d'informations;En01;9;NULL;Gestionnaire 01;Enquêteur 01
216036;67;1;NULL;Avera (Rurutu);441001020;95;1;A côté de la mairie;Pas d'informations;En01;9;NULL;Gestionnaire 01;Enquêteur 01
216025;7;1;NULL;Avera (Rurutu);441001020;40;1;A côté de la mairie;Pas d'informations;En02;9;NULL;Gestionnaire 01;Enquêteur 02
216026;55;1;NULL;Avera (Rurutu);441001020;41;1;A côté de la mairie;Pas d'informations;En02;9;NULL;Gestionnaire 01;Enquêteur 02
216027;7;1;NULL;Avera (Rurutu);441001020;45;1;A côté de la mairie;Pas d'informations;En01;10;NULL;Gestionnaire 01;Enquêteur 01
216055;7;1;NULL;Avera (Rurutu);441001030;59;1;A côté de la mairie;Pas d'informations;En02;10;NULL;Gestionnaire 01;Enquêteur 02
216056;87;1;NULL;Avera (Rurutu);441001030;70;1;A côté de la mairie;Pas d'informations;En01;12;NULL;Gestionnaire 01;Enquêteur 01
216057;91;1;NULL;Avera (Rurutu);441001030;73;1;A côté de la mairie;Pas d'informations;En01;12;NULL;Gestionnaire 01;Enquêteur 01
216058;7;1;NULL;Avera (Rurutu);441001030;75;1;A côté de la mairie;Pas d'informations;En01;12;NULL;Gestionnaire 01;Enquêteur 01
216049;7;1;NULL;Avera (Rurutu);441001030;35;1;A côté de la mairie;Pas d'informations;En02;10;NULL;Gestionnaire 01;Enquêteur 02
216050;7;1;NULL;Avera (Rurutu);441001030;36;1;A côté de la mairie;Pas d'informations;En02;10;NULL;Gestionnaire 01;Enquêteur 02
216042;7;1;NULL;Avera (Rurutu);441001030;10;1;A côté de la mairie;Pas d'informations;En01;10;NULL;Gestionnaire 01;Enquêteur 01
216045;7;1;NULL;Avera (Rurutu);441001030;22;1;A côté de la mairie;Pas d'informations;En02;10;NULL;Gestionnaire 01;Enquêteur 02
216046;87;1;NULL;Avera (Rurutu);441001030;24;1;A côté de la mairie;Pas d'informations;En02;10;NULL;Gestionnaire 01;Enquêteur 02
216047;67;1;NULL;Avera (Rurutu);441001030;29;1;A côté de la mairie;Pas d'informations;En02;10;NULL;Gestionnaire 01;Enquêteur 02
216048;87;1;NULL;Avera (Rurutu);441001030;33;1;A côté de la mairie;Pas d'informations;En02;10;NULL;Gestionnaire 01;Enquêteur 02
216040;47;1;NULL;Avera (Rurutu);441001030;3;1;A côté de la mairie;Pas d'informations;En01;12;NULL;Gestionnaire 01;Enquêteur 01
216041;7;1;NULL;Avera (Rurutu);441001030;5;1;A côté de la mairie;Pas d'informations;En01;10;NULL;Gestionnaire 01;Enquêteur 01
216051;67;1;NULL;Avera (Rurutu);441001030;43;1;A côté de la mairie;Pas d'informations;En02;10;NULL;Gestionnaire 01;Enquêteur 02
216052;23;1;NULL;Avera (Rurutu);441001030;44;1;A côté de la mairie;Pas d'informations;En01;11;NULL;Gestionnaire 01;Enquêteur 01
216053;75;1;NULL;Avera (Rurutu);441001030;48;1;A côté de la mairie;Pas d'informations;En01;11;NULL;Gestionnaire 01;Enquêteur 01
216054;79;1;NULL;Avera (Rurutu);441001030;54;1;A côté de la mairie;Pas d'informations;En01;11;NULL;Gestionnaire 01;Enquêteur 01
216043;87;1;NULL;Avera (Rurutu);441001030;13;1;A côté de la mairie;Pas d'informations;En01;10;NULL;Gestionnaire 01;Enquêteur 01
216044;87;1;NULL;Avera (Rurutu);441001030;21;1;A côté de la mairie;Pas d'informations;En02;10;NULL;Gestionnaire 01;Enquêteur 02
216067;91;1;NULL;Avera (Rurutu);441001040;33;1;A côté de la mairie;Pas d'informations;En02;12;NULL;Gestionnaire 01;Enquêteur 02
216068;91;1;NULL;Avera (Rurutu);441001040;37;1;A côté de la mairie;Pas d'informations;En01;12;NULL;Gestionnaire 01;Enquêteur 01
216069;47;1;NULL;Avera (Rurutu);441001040;40;1;A côté de la mairie;Pas d'informations;En01;12;NULL;Gestionnaire 01;Enquêteur 01
216070;7;1;NULL;Avera (Rurutu);441001040;41;1;A côté de la mairie;Pas d'informations;En01;12;NULL;Gestionnaire 01;Enquêteur 01
216071;39;1;NULL;Avera (Rurutu);441001040;48;1;A côté de la mairie;Pas d'informations;En01;12;NULL;Gestionnaire 01;Enquêteur 01
216072;51;1;NULL;Avera (Rurutu);441001040;58;1;A côté de la mairie;Pas d'informations;En01;12;NULL;Gestionnaire 01;Enquêteur 01
216059;11;1;NULL;Avera (Rurutu);441001040;4;1;A côté de la mairie;Pas d'informations;En02;12;NULL;Gestionnaire 01;Enquêteur 02
216060;47;1;NULL;Avera (Rurutu);441001040;9;1;A côté de la mairie;Pas d'informations;En02;12;NULL;Gestionnaire 01;Enquêteur 02
216061;23;1;NULL;Avera (Rurutu);441001040;14;1;A côté de la mairie;Pas d'informations;En02;12;NULL;Gestionnaire 01;Enquêteur 02
216062;83;1;NULL;Avera (Rurutu);441001040;17;1;A côté de la mairie;Pas d'informations;En02;12;NULL;Gestionnaire 01;Enquêteur 02
216063;47;1;NULL;Avera (Rurutu);441001040;20;1;A côté de la mairie;Pas d'informations;En02;12;NULL;Gestionnaire 01;Enquêteur 02
216064;23;1;NULL;Avera (Rurutu);441001040;21;1;A côté de la mairie;Pas d'informations;En02;12;NULL;Gestionnaire 01;Enquêteur 02
216065;47;1;NULL;Avera (Rurutu);441001040;23;1;A côté de la mairie;Pas d'informations;En02;12;NULL;Gestionnaire 01;Enquêteur 02
216066;43;1;NULL;Avera (Rurutu);441001040;24;1;A côté de la mairie;Pas d'informations;En02;12;NULL;Gestionnaire 01;Enquêteur 02
216079;15;1;NULL;Avera (Rurutu);441001050;31;1;A côté de la mairie;Pas d'informations;En02;11;NULL;Gestionnaire 01;Enquêteur 02
216080;67;1;NULL;Avera (Rurutu);441001050;48;1;A côté de la mairie;Pas d'informations;En02;11;NULL;Gestionnaire 01;Enquêteur 02
216081;23;1;NULL;Avera (Rurutu);441001050;53;1;A côté de la mairie;Pas d'informations;En02;11;NULL;Gestionnaire 01;Enquêteur 02
216082;27;1;NULL;Avera (Rurutu);441001050;55;1;A côté de la mairie;Pas d'informations;En02;11;NULL;Gestionnaire 01;Enquêteur 02
216073;43;1;NULL;Avera (Rurutu);441001050;6;1;A côté de la mairie;Pas d'informations;En01;11;NULL;Gestionnaire 01;Enquêteur 01
216074;19;1;NULL;Avera (Rurutu);441001050;14;1;A côté de la mairie;Pas d'informations;En01;11;NULL;Gestionnaire 01;Enquêteur 01
216075;7;1;NULL;Avera (Rurutu);441001050;15;1;A côté de la mairie;Pas d'informations;En01;11;NULL;Gestionnaire 01;Enquêteur 01
216076;99;1;NULL;Avera (Rurutu);441001050;16;1;A côté de la mairie;Pas d'informations;En01;11;NULL;Gestionnaire 01;Enquêteur 01
216077;51;1;NULL;Avera (Rurutu);441001050;21;1;A côté de la mairie;Pas d'informations;En01;11;NULL;Gestionnaire 01;Enquêteur 01
216078;55;1;NULL;Avera (Rurutu);441001050;28;1;A côté de la mairie;Pas d'informations;En01;11;NULL;Gestionnaire 01;Enquêteur 01
216085;67;1;NULL;Hauti;442001060;12;1;A côté de la mairie;Pas d'informations;En02;11;NULL;Gestionnaire 01;Enquêteur 02
216086;83;1;NULL;Hauti;442001060;18;1;A côté de la mairie;Pas d'informations;En02;11;NULL;Gestionnaire 01;Enquêteur 02
216087;23;1;NULL;Hauti;442001060;24;1;A côté de la mairie;Pas d'informations;En02;11;NULL;Gestionnaire 01;Enquêteur 02
216083;63;1;NULL;Hauti;442001060;6;1;A côté de la mairie;Pas d'informations;En02;11;NULL;Gestionnaire 01;Enquêteur 02
216084;15;1;NULL;Hauti;442001060;11;1;A côté de la mairie;Pas d'informations;En02;11;NULL;Gestionnaire 01;Enquêteur 02
216115;47;1;NULL;Hauti;442001070;142;1;A côté de la mairie;Pas d'informations;En01;3;NULL;Gestionnaire 01;Enquêteur 01
216116;95;1;NULL;Hauti;442001070;143;1;A côté de la mairie;Pas d'informations;En01;3;NULL;Gestionnaire 01;Enquêteur 01
216117;79;1;NULL;Hauti;442001070;156;1;A côté de la mairie;Pas d'informations;En02;3;NULL;Gestionnaire 01;Enquêteur 02
216118;59;1;NULL;Hauti;442001070;158;1;A côté de la mairie;Pas d'informations;En01;4;NULL;Gestionnaire 01;Enquêteur 01
216109;3;1;NULL;Hauti;442001070;109;1;A côté de la mairie;Pas d'informations;En02;3;NULL;Gestionnaire 01;Enquêteur 02
216110;27;1;NULL;Hauti;442001070;113;1;A côté de la mairie;Pas d'informations;En02;3;NULL;Gestionnaire 01;Enquêteur 02
216090;27;1;NULL;Hauti;442001070;17;7;A côté de la mairie;Pas d'informations;En02;4;NULL;Gestionnaire 01;Enquêteur 02
216093;87;1;NULL;Hauti;442001070;45;1;A côté de la mairie;Pas d'informations;En01;4;NULL;Gestionnaire 01;Enquêteur 01
216094;51;1;NULL;Hauti;442001070;52;1;A côté de la mairie;Pas d'informations;En02;4;NULL;Gestionnaire 01;Enquêteur 02
216095;7;1;NULL;Hauti;442001070;59;1;A côté de la mairie;Pas d'informations;En01;4;NULL;Gestionnaire 01;Enquêteur 01
216096;99;1;NULL;Hauti;442001070;64;1;A côté de la mairie;Pas d'informations;En01;4;NULL;Gestionnaire 01;Enquêteur 01
216088;47;1;NULL;Hauti;442001070;5;1;A côté de la mairie;Pas d'informations;En01;3;ERV;Gestionnaire 01;Enquêteur 01
216089;23;1;NULL;Hauti;442001070;13;1;A côté de la mairie;Pas d'informations;En02;4;NULL;Gestionnaire 01;Enquêteur 02
216099;11;1;NULL;Hauti;442001070;67;1;A côté de la mairie;Pas d'informations;En01;4;NULL;Gestionnaire 01;Enquêteur 01
216100;67;1;NULL;Hauti;442001070;69;1;A côté de la mairie;Pas d'informations;En01;4;NULL;Gestionnaire 01;Enquêteur 01
216101;11;1;NULL;Hauti;442001070;78;1;A côté de la mairie;Pas d'informations;En02;4;NULL;Gestionnaire 01;Enquêteur 02
216102;87;1;NULL;Hauti;442001070;80;1;A côté de la mairie;Pas d'informations;En02;4;NULL;Gestionnaire 01;Enquêteur 02
216091;83;1;NULL;Hauti;442001070;27;1;A côté de la mairie;Pas d'informations;En01;4;NULL;Gestionnaire 01;Enquêteur 01
216092;11;1;NULL;Hauti;442001070;42;1;A côté de la mairie;Pas d'informations;En02;3;NULL;Gestionnaire 01;Enquêteur 02
216105;27;1;NULL;Hauti;442001070;89;1;A côté de la mairie;Pas d'informations;En02;4;NULL;Gestionnaire 01;Enquêteur 02
216106;99;1;NULL;Hauti;442001070;99;1;A côté de la mairie;Pas d'informations;En01;4;NULL;Gestionnaire 01;Enquêteur 01
216107;63;1;NULL;Hauti;442001070;103;1;A côté de la mairie;Pas d'informations;En02;3;NULL;Gestionnaire 01;Enquêteur 02
216108;47;1;NULL;Hauti;442001070;105;1;A côté de la mairie;Pas d'informations;En02;3;NULL;Gestionnaire 01;Enquêteur 02
216097;87;1;NULL;Hauti;442001070;65;1;A côté de la mairie;Pas d'informations;En02;3;NULL;Gestionnaire 01;Enquêteur 02
216098;15;1;NULL;Hauti;442001070;66;1;A côté de la mairie;Pas d'informations;En02;3;NULL;Gestionnaire 01;Enquêteur 02
216111;15;1;NULL;Hauti;442001070;121;1;A côté de la mairie;Pas d'informations;En02;4;NULL;Gestionnaire 01;Enquêteur 02
216112;11;1;NULL;Hauti;442001070;122;1;A côté de la mairie;Pas d'informations;En01;3;ERV;Gestionnaire 01;Enquêteur 01
216113;99;1;NULL;Hauti;442001070;139;1;A côté de la mairie;Pas d'informations;En01;3;NULL;Gestionnaire 01;Enquêteur 01
216114;91;1;NULL;Hauti;442001070;141;1;A côté de la mairie;Pas d'informations;En01;3;ERV;Gestionnaire 01;Enquêteur 01
216103;51;1;NULL;Hauti;442001070;81;1;A côté de la mairie;Pas d'informations;En02;4;NULL;Gestionnaire 01;Enquêteur 02
216104;19;1;NULL;Hauti;442001070;83;1;A côté de la mairie;Pas d'informations;En01;3;ERV;Gestionnaire 01;Enquêteur 01
216133;27;1;NULL;Moerai;443001080;65;1;A côté de la mairie;Pas d'informations;En01;3;NULL;Gestionnaire 01;Enquêteur 01
216134;11;1;NULL;Moerai;443001080;74;1;A côté de la mairie;Pas d'informations;En01;2;VAC;Gestionnaire 01;Enquêteur 01
216127;19;1;NULL;Moerai;443001080;44;1;A côté de la mairie;Pas d'informations;En02;2;ERV;Gestionnaire 01;Enquêteur 02
216128;47;1;NULL;Moerai;443001080;45;1;A côté de la mairie;Pas d'informations;En02;2;NULL;Gestionnaire 01;Enquêteur 02
216129;31;1;NULL;Moerai;443001080;49;1;A côté de la mairie;Pas d'informations;En02;2;ERV;Gestionnaire 01;Enquêteur 02
216130;47;1;NULL;Moerai;443001080;51;1;A côté de la mairie;Pas d'informations;En02;2;ERV;Gestionnaire 01;Enquêteur 02
216125;87;1;NULL;Moerai;443001080;34;1;A côté de la mairie;Pas d'informations;En02;2;ERV;Gestionnaire 01;Enquêteur 02
216126;67;1;NULL;Moerai;443001080;40;11;A côté de la mairie;Pas d'informations;En02;2;VAC;Gestionnaire 01;Enquêteur 02
216119;15;1;NULL;Moerai;443001080;3;1;A côté de la mairie;Pas d'informations;En01;2;ERV;Gestionnaire 01;Enquêteur 01
216120;7;1;NULL;Moerai;443001080;9;1;A côté de la mairie;Pas d'informations;En01;2;ERV;Gestionnaire 01;Enquêteur 01
216131;23;1;NULL;Moerai;443001080;54;1;A côté de la mairie;Pas d'informations;En02;2;ERV;Gestionnaire 01;Enquêteur 02
216132;23;1;NULL;Moerai;443001080;62;1;A côté de la mairie;Pas d'informations;En02;2;NULL;Gestionnaire 01;Enquêteur 02
216121;47;1;NULL;Moerai;443001080;10;1;A côté de la mairie;Pas d'informations;En01;2;ERV;Gestionnaire 01;Enquêteur 01
216122;15;1;NULL;Moerai;443001080;11;1;A côté de la mairie;Pas d'informations;En01;2;NULL;Gestionnaire 01;Enquêteur 01
216123;23;1;NULL;Moerai;443001080;23;1;A côté de la mairie;Pas d'informations;En01;2;ERV;Gestionnaire 01;Enquêteur 01
216124;31;1;NULL;Moerai;443001080;29;1;A côté de la mairie;Pas d'informations;En02;2;ERV;Gestionnaire 01;Enquêteur 02
216151;87;1;NULL;Moerai;443001090;115;1;A côté de la mairie;Pas d'informations;En01;1;VAC;Gestionnaire 01;Enquêteur 01
216152;55;1;NULL;Moerai;443001090;127;1;A côté de la mairie;Pas d'informations;En02;1;ERV;Gestionnaire 01;Enquêteur 02
216153;11;1;NULL;Moerai;443001090;134;1;A côté de la mairie;Pas d'informations;En02;1;ERV;Gestionnaire 01;Enquêteur 02
216154;75;1;NULL;Moerai;443001090;136;1;A côté de la mairie;Pas d'informations;En02;1;ERV;Gestionnaire 01;Enquêteur 02
216155;87;1;NULL;Moerai;443001090;139;1;A côté de la mairie;Pas d'informations;En01;1;ERV;Gestionnaire 01;Enquêteur 01
216145;7;1;NULL;Moerai;443001090;79;1;A côté de la mairie;Pas d'informations;En02;1;ERV;Gestionnaire 01;Enquêteur 02
216136;51;1;NULL;Moerai;443001090;12;1;A côté de la mairie;Pas d'informations;En01;1;ERV;Gestionnaire 01;Enquêteur 01
216137;99;1;NULL;Moerai;443001090;18;1;A côté de la mairie;Pas d'informations;En01;1;ERV;Gestionnaire 01;Enquêteur 01
216138;51;1;NULL;Moerai;443001090;19;1;A côté de la mairie;Pas d'informations;En01;1;ERV;Gestionnaire 01;Enquêteur 01
216140;67;1;NULL;Moerai;443001090;27;1;A côté de la mairie;Pas d'informations;En01;2;VAC;Gestionnaire 01;Enquêteur 01
216141;51;1;NULL;Moerai;443001090;51;1;A côté de la mairie;Pas d'informations;En01;2;ERV;Gestionnaire 01;Enquêteur 01
216142;63;1;NULL;Moerai;443001090;64;1;A côté de la mairie;Pas d'informations;En02;1;ERV;Gestionnaire 01;Enquêteur 02
216143;55;1;NULL;Moerai;443001090;68;1;A côté de la mairie;Pas d'informations;En02;1;ERV;Gestionnaire 01;Enquêteur 02
216144;75;1;NULL;Moerai;443001090;76;1;A côté de la mairie;Pas d'informations;En02;1;VAC;Gestionnaire 01;Enquêteur 02
216135;27;1;NULL;Moerai;443001090;9;1;A côté de la mairie;Pas d'informations;En01;1;ERP;Gestionnaire 01;Enquêteur 01
216146;31;1;NULL;Moerai;443001090;82;1;A côté de la mairie;Pas d'informations;En02;1;ERV;Gestionnaire 01;Enquêteur 02
216147;47;1;NULL;Moerai;443001090;85;1;A côté de la mairie;Pas d'informations;En02;1;ERV;Gestionnaire 01;Enquêteur 02
216148;3;1;NULL;Moerai;443001090;101;1;A côté de la mairie;Pas d'informations;En01;1;ERV;Gestionnaire 01;Enquêteur 01
216149;63;1;NULL;Moerai;443001090;102;1;A côté de la mairie;Pas d'informations;En01;1;ERV;Gestionnaire 01;Enquêteur 01
216150;67;1;NULL;Moerai;443001090;111;1;A côté de la mairie;Pas d'informations;En01;1;ERV;Gestionnaire 01;Enquêteur 01
216139;75;1;NULL;Moerai;443001090;23;1;A côté de la mairie;Pas d'informations;En01;2;ERV;Gestionnaire 01;Enquêteur 01
216175;27;1;NULL;Moerai;443001100;102;1;A côté de la mairie;Pas d'informations;En01;6;NULL;Gestionnaire 01;Enquêteur 01
216176;23;1;NULL;Moerai;443001100;108;1;A côté de la mairie;Pas d'informations;En01;6;NULL;Gestionnaire 01;Enquêteur 01
216177;47;1;NULL;Moerai;443001100;110;101;A côté de la mairie;Pas d'informations;En01;6;NULL;Gestionnaire 01;Enquêteur 01
216178;67;1;NULL;Moerai;443001100;127;1;A côté de la mairie;Pas d'informations;En02;5;NULL;Gestionnaire 01;Enquêteur 02
216179;47;1;NULL;Moerai;443001100;131;1;A côté de la mairie;Pas d'informations;En01;5;NULL;Gestionnaire 01;Enquêteur 01
216180;7;1;NULL;Moerai;443001100;133;1;A côté de la mairie;Pas d'informations;En02;5;NULL;Gestionnaire 01;Enquêteur 02
216156;87;1;NULL;Moerai;443001100;8;1;A côté de la mairie;Pas d'informations;En01;5;NULL;Gestionnaire 01;Enquêteur 01
216157;7;1;NULL;Moerai;443001100;10;1;A côté de la mairie;Pas d'informations;En01;5;NULL;Gestionnaire 01;Enquêteur 01
216158;67;1;NULL;Moerai;443001100;12;1;A côté de la mairie;Pas d'informations;En01;5;NULL;Gestionnaire 01;Enquêteur 01
216159;27;1;NULL;Moerai;443001100;13;1;A côté de la mairie;Pas d'informations;En01;5;NULL;Gestionnaire 01;Enquêteur 01
216160;7;1;NULL;Moerai;443001100;16;1;A côté de la mairie;Pas d'informations;En01;5;NULL;Gestionnaire 01;Enquêteur 01
216161;27;1;NULL;Moerai;443001100;22;1;A côté de la mairie;Pas d'informations;En01;5;NULL;Gestionnaire 01;Enquêteur 01
216162;7;1;NULL;Moerai;443001100;30;1;A côté de la mairie;Pas d'informations;En01;5;NULL;Gestionnaire 01;Enquêteur 01
216163;87;1;NULL;Moerai;443001100;36;1;A côté de la mairie;Pas d'informations;En01;5;NULL;Gestionnaire 01;Enquêteur 01
216164;87;1;NULL;Moerai;443001100;37;1;A côté de la mairie;Pas d'informations;En01;5;NULL;Gestionnaire 01;Enquêteur 01
216165;7;1;NULL;Moerai;443001100;46;1;A côté de la mairie;Pas d'informations;En02;5;NULL;Gestionnaire 01;Enquêteur 02
216166;27;1;NULL;Moerai;443001100;47;1;A côté de la mairie;Pas d'informations;En02;5;NULL;Gestionnaire 01;Enquêteur 02
216167;7;1;NULL;Moerai;443001100;50;1;A côté de la mairie;Pas d'informations;En02;5;NULL;Gestionnaire 01;Enquêteur 02
216168;47;1;NULL;Moerai;443001100;58;1;A côté de la mairie;Pas d'informations;En02;5;NULL;Gestionnaire 01;Enquêteur 02
216169;47;1;NULL;Moerai;443001100;66;1;A côté de la mairie;Pas d'informations;En02;5;NULL;Gestionnaire 01;Enquêteur 02
216170;7;1;NULL;Moerai;443001100;72;1;A côté de la mairie;Pas d'informations;En02;5;NULL;Gestionnaire 01;Enquêteur 02
216171;7;1;NULL;Moerai;443001100;75;1;A côté de la mairie;Pas d'informations;En02;5;NULL;Gestionnaire 01;Enquêteur 02
216172;27;1;NULL;Moerai;443001100;76;1;A côté de la mairie;Pas d'informations;En02;5;NULL;Gestionnaire 01;Enquêteur 02
216173;23;1;NULL;Moerai;443001100;91;1;A côté de la mairie;Pas d'informations;En01;6;NULL;Gestionnaire 01;Enquêteur 01
216174;39;1;NULL;Moerai;443001100;99;1;A côté de la mairie;Pas d'informations;En01;6;NULL;Gestionnaire 01;Enquêteur 01
216193;55;1;NULL;Moerai;443001110;78;1;A côté de la mairie;Pas d'informations;En02;6;NULL;Gestionnaire 01;Enquêteur 02
216194;79;1;NULL;Moerai;443001110;84;1;A côté de la mairie;Pas d'informations;En02;6;NULL;Gestionnaire 01;Enquêteur 02
216195;7;1;NULL;Moerai;443001110;88;1;A côté de la mairie;Pas d'informations;En01;6;NULL;Gestionnaire 01;Enquêteur 01
216196;95;1;NULL;Moerai;443001110;89;1;A côté de la mairie;Pas d'informations;En01;6;NULL;Gestionnaire 01;Enquêteur 01
216187;95;1;NULL;Moerai;443001110;42;1;A côté de la mairie;Pas d'informations;En02;6;NULL;Gestionnaire 01;Enquêteur 02
216188;95;1;NULL;Moerai;443001110;48;1;A côté de la mairie;Pas d'informations;En02;6;NULL;Gestionnaire 01;Enquêteur 02
216183;19;1;NULL;Moerai;443001110;22;1;A côté de la mairie;Pas d'informations;En02;6;NULL;Gestionnaire 01;Enquêteur 02
216184;59;1;NULL;Moerai;443001110;29;1;A côté de la mairie;Pas d'informations;En02;6;NULL;Gestionnaire 01;Enquêteur 02
216185;67;1;NULL;Moerai;443001110;32;1;A côté de la mairie;Pas d'informations;En02;6;NULL;Gestionnaire 01;Enquêteur 02
216186;43;1;NULL;Moerai;443001110;38;1;A côté de la mairie;Pas d'informations;En02;6;NULL;Gestionnaire 01;Enquêteur 02
216189;7;1;NULL;Moerai;443001110;50;1;A côté de la mairie;Pas d'informations;En02;6;NULL;Gestionnaire 01;Enquêteur 02
216190;67;1;NULL;Moerai;443001110;59;1;A côté de la mairie;Pas d'informations;En01;6;NULL;Gestionnaire 01;Enquêteur 01
216191;79;1;NULL;Moerai;443001110;71;1;A côté de la mairie;Pas d'informations;En01;6;NULL;Gestionnaire 01;Enquêteur 01
216192;59;1;NULL;Moerai;443001110;73;1;A côté de la mairie;Pas d'informations;En01;6;NULL;Gestionnaire 01;Enquêteur 01
216181;11;1;NULL;Moerai;443001110;11;1;A côté de la mairie;Pas d'informations;En01;7;NULL;Gestionnaire 01;Enquêteur 01
216182;67;1;NULL;Moerai;443001110;15;1;A côté de la mairie;Pas d'informations;En02;6;NULL;Gestionnaire 01;Enquêteur 02
216211;19;1;NULL;Moerai;443001120;68;1;A côté de la mairie;Pas d'informations;En01;7;NULL;Gestionnaire 01;Enquêteur 01
216212;59;1;NULL;Moerai;443001120;69;1;A côté de la mairie;Pas d'informations;En01;7;NULL;Gestionnaire 01;Enquêteur 01
216213;47;1;NULL;Moerai;443001120;70;1;A côté de la mairie;Pas d'informations;En01;7;NULL;Gestionnaire 01;Enquêteur 01
216214;19;1;NULL;Moerai;443001120;77;1;A côté de la mairie;Pas d'informations;En01;7;NULL;Gestionnaire 01;Enquêteur 01
216215;7;1;NULL;Moerai;443001120;85;1;A côté de la mairie;Pas d'informations;En01;7;NULL;Gestionnaire 01;Enquêteur 01
216216;83;1;NULL;Moerai;443001120;94;1;A côté de la mairie;Pas d'informations;En01;7;NULL;Gestionnaire 01;Enquêteur 01
216197;31;1;NULL;Moerai;443001120;2;1;A côté de la mairie;Pas d'informations;En01;8;NULL;Gestionnaire 01;Enquêteur 01
216198;51;1;NULL;Moerai;443001120;8;1;A côté de la mairie;Pas d'informations;En01;8;NULL;Gestionnaire 01;Enquêteur 01
216199;71;1;NULL;Moerai;443001120;11;1;A côté de la mairie;Pas d'informations;En01;8;NULL;Gestionnaire 01;Enquêteur 01
216200;87;1;NULL;Moerai;443001120;14;1;A côté de la mairie;Pas d'informations;En02;7;NULL;Gestionnaire 01;Enquêteur 02
216201;75;1;NULL;Moerai;443001120;22;1;A côté de la mairie;Pas d'informations;En02;7;NULL;Gestionnaire 01;Enquêteur 02
216202;43;1;NULL;Moerai;443001120;27;1;A côté de la mairie;Pas d'informations;En02;7;NULL;Gestionnaire 01;Enquêteur 02
216203;67;1;NULL;Moerai;443001120;30;1;A côté de la mairie;Pas d'informations;En02;7;NULL;Gestionnaire 01;Enquêteur 02
216204;31;1;NULL;Moerai;443001120;39;1;A côté de la mairie;Pas d'informations;En02;7;NULL;Gestionnaire 01;Enquêteur 02
216205;87;1;NULL;Moerai;443001120;42;1;A côté de la mairie;Pas d'informations;En02;7;NULL;Gestionnaire 01;Enquêteur 02
216206;87;1;NULL;Moerai;443001120;45;1;A côté de la mairie;Pas d'informations;En02;7;NULL;Gestionnaire 01;Enquêteur 02
216207;19;1;NULL;Moerai;443001120;49;1;A côté de la mairie;Pas d'informations;En01;7;NULL;Gestionnaire 01;Enquêteur 01
216208;3;1;NULL;Moerai;443001120;58;1;A côté de la mairie;Pas d'informations;En02;7;NULL;Gestionnaire 01;Enquêteur 02
216209;31;1;NULL;Moerai;443001120;59;1;A côté de la mairie;Pas d'informations;En01;7;NULL;Gestionnaire 01;Enquêteur 01
216210;27;1;NULL;Moerai;443001120;67;1;A côté de la mairie;Pas d'informations;En02;7;NULL;Gestionnaire 01;Enquêteur 02
216241;47;1;NULL;Mahu;531001010;139;1;A côté de la mairie;Pas d'informations;En04;5;NULL;Gestionnaire 01;Enquêteur 04
216242;11;1;NULL;Mahu;531001010;146;1;A côté de la mairie;Pas d'informations;En03;6;NULL;Gestionnaire 01;Enquêteur 03
216243;91;1;NULL;Mahu;531001010;149;1;A côté de la mairie;Pas d'informations;En03;6;NULL;Gestionnaire 01;Enquêteur 03
216244;23;1;NULL;Mahu;531001010;152;1;A côté de la mairie;Pas d'informations;En03;6;NULL;Gestionnaire 01;Enquêteur 03
216245;7;1;NULL;Mahu;531001010;153;1;A côté de la mairie;Pas d'informations;En03;6;NULL;Gestionnaire 01;Enquêteur 03
216246;87;1;NULL;Mahu;531001010;158;1;A côté de la mairie;Pas d'informations;En04;5;NULL;Gestionnaire 01;Enquêteur 04
216217;31;1;NULL;Mahu;531001010;7;1;A côté de la mairie;Pas d'informations;En03;8;NULL;Gestionnaire 01;Enquêteur 03
216218;79;1;NULL;Mahu;531001010;17;1;A côté de la mairie;Pas d'informations;En04;6;NULL;Gestionnaire 01;Enquêteur 04
216219;91;1;NULL;Mahu;531001010;23;1;A côté de la mairie;Pas d'informations;En04;6;NULL;Gestionnaire 01;Enquêteur 04
216220;7;1;NULL;Mahu;531001010;26;1;A côté de la mairie;Pas d'informations;En04;6;NULL;Gestionnaire 01;Enquêteur 04
216221;67;1;NULL;Mahu;531001010;30;1;A côté de la mairie;Pas d'informations;En04;6;NULL;Gestionnaire 01;Enquêteur 04
216222;31;1;NULL;Mahu;531001010;36;1;A côté de la mairie;Pas d'informations;En04;6;NULL;Gestionnaire 01;Enquêteur 04
216223;47;1;NULL;Mahu;531001010;40;1;A côté de la mairie;Pas d'informations;En04;6;NULL;Gestionnaire 01;Enquêteur 04
216224;35;1;NULL;Mahu;531001010;46;1;A côté de la mairie;Pas d'informations;En04;6;NULL;Gestionnaire 01;Enquêteur 04
216225;67;1;NULL;Mahu;531001010;51;1;A côté de la mairie;Pas d'informations;En04;6;NULL;Gestionnaire 01;Enquêteur 04
216226;35;1;NULL;Mahu;531001010;62;1;A côté de la mairie;Pas d'informations;En03;7;NULL;Gestionnaire 01;Enquêteur 03
216227;59;1;NULL;Mahu;531001010;64;1;A côté de la mairie;Pas d'informations;En03;7;NULL;Gestionnaire 01;Enquêteur 03
216228;87;1;NULL;Mahu;531001010;65;1;A côté de la mairie;Pas d'informations;En03;7;NULL;Gestionnaire 01;Enquêteur 03
216229;11;1;NULL;Mahu;531001010;69;1;A côté de la mairie;Pas d'informations;En03;7;NULL;Gestionnaire 01;Enquêteur 03
216230;7;1;NULL;Mahu;531001010;75;1;A côté de la mairie;Pas d'informations;En03;7;NULL;Gestionnaire 01;Enquêteur 03
216231;71;1;NULL;Mahu;531001010;76;1;A côté de la mairie;Pas d'informations;En03;7;NULL;Gestionnaire 01;Enquêteur 03
216232;71;1;NULL;Mahu;531001010;78;1;A côté de la mairie;Pas d'informations;En03;7;NULL;Gestionnaire 01;Enquêteur 03
216233;79;1;NULL;Mahu;531001010;81;1;A côté de la mairie;Pas d'informations;En03;7;NULL;Gestionnaire 01;Enquêteur 03
216234;95;1;NULL;Mahu;531001010;83;1;A côté de la mairie;Pas d'informations;En03;7;NULL;Gestionnaire 01;Enquêteur 03
216235;7;1;NULL;Mahu;531001010;101;1;A côté de la mairie;Pas d'informations;En04;5;NULL;Gestionnaire 01;Enquêteur 04
216236;27;1;NULL;Mahu;531001010;102;1;A côté de la mairie;Pas d'informations;En04;5;NULL;Gestionnaire 01;Enquêteur 04
216237;67;1;NULL;Mahu;531001010;103;1;A côté de la mairie;Pas d'informations;En04;5;NULL;Gestionnaire 01;Enquêteur 04
216238;27;1;NULL;Mahu;531001010;104;1;A côté de la mairie;Pas d'informations;En04;5;NULL;Gestionnaire 01;Enquêteur 04
216239;47;1;NULL;Mahu;531001010;111;1;A côté de la mairie;Pas d'informations;En04;5;NULL;Gestionnaire 01;Enquêteur 04
216240;7;1;NULL;Mahu;531001010;136;1;A côté de la mairie;Pas d'informations;En04;5;NULL;Gestionnaire 01;Enquêteur 04
216271;19;1;NULL;Mahu;531001020;152;1;A côté de la mairie;Pas d'informations;En03;8;NULL;Gestionnaire 01;Enquêteur 03
216272;59;1;NULL;Mahu;531001020;153;1;A côté de la mairie;Pas d'informations;En04;6;NULL;Gestionnaire 01;Enquêteur 04
216273;19;1;NULL;Mahu;531001020;159;1;A côté de la mairie;Pas d'informations;En03;8;NULL;Gestionnaire 01;Enquêteur 03
216265;47;1;NULL;Mahu;531001020;112;1;A côté de la mairie;Pas d'informations;En03;8;NULL;Gestionnaire 01;Enquêteur 03
216266;51;1;NULL;Mahu;531001020;119;1;A côté de la mairie;Pas d'informations;En03;8;NULL;Gestionnaire 01;Enquêteur 03
216267;39;1;NULL;Mahu;531001020;126;1;A côté de la mairie;Pas d'informations;En03;8;NULL;Gestionnaire 01;Enquêteur 03
216250;7;1;NULL;Mahu;531001020;35;1;A côté de la mairie;Pas d'informations;En03;9;NULL;Gestionnaire 01;Enquêteur 03
216251;99;1;NULL;Mahu;531001020;39;1;A côté de la mairie;Pas d'informations;En03;9;NULL;Gestionnaire 01;Enquêteur 03
216252;11;1;NULL;Mahu;531001020;44;1;A côté de la mairie;Pas d'informations;En03;9;NULL;Gestionnaire 01;Enquêteur 03
216256;47;1;NULL;Mahu;531001020;60;1;A côté de la mairie;Pas d'informations;En04;7;NULL;Gestionnaire 01;Enquêteur 04
216257;3;1;NULL;Mahu;531001020;67;1;A côté de la mairie;Pas d'informations;En04;7;NULL;Gestionnaire 01;Enquêteur 04
216258;83;1;NULL;Mahu;531001020;73;1;A côté de la mairie;Pas d'informations;En04;7;NULL;Gestionnaire 01;Enquêteur 04
216247;55;1;NULL;Mahu;531001020;23;1;A côté de la mairie;Pas d'informations;En03;9;NULL;Gestionnaire 01;Enquêteur 03
216248;35;1;NULL;Mahu;531001020;27;1;A côté de la mairie;Pas d'informations;En03;9;NULL;Gestionnaire 01;Enquêteur 03
216249;67;1;NULL;Mahu;531001020;30;1;A côté de la mairie;Pas d'informations;En03;9;NULL;Gestionnaire 01;Enquêteur 03
216262;51;1;NULL;Mahu;531001020;93;1;A côté de la mairie;Pas d'informations;En04;7;NULL;Gestionnaire 01;Enquêteur 04
216263;79;1;NULL;Mahu;531001020;96;1;A côté de la mairie;Pas d'informations;En04;7;NULL;Gestionnaire 01;Enquêteur 04
216264;99;1;NULL;Mahu;531001020;103;1;A côté de la mairie;Pas d'informations;En03;8;NULL;Gestionnaire 01;Enquêteur 03
216253;95;1;NULL;Mahu;531001020;47;1;A côté de la mairie;Pas d'informations;En03;9;NULL;Gestionnaire 01;Enquêteur 03
216254;7;1;NULL;Mahu;531001020;50;1;A côté de la mairie;Pas d'informations;En04;7;NULL;Gestionnaire 01;Enquêteur 04
216255;47;1;NULL;Mahu;531001020;51;1;A côté de la mairie;Pas d'informations;En04;7;NULL;Gestionnaire 01;Enquêteur 04
216268;47;1;NULL;Mahu;531001020;130;1;A côté de la mairie;Pas d'informations;En03;8;NULL;Gestionnaire 01;Enquêteur 03
216269;15;1;NULL;Mahu;531001020;132;1;A côté de la mairie;Pas d'informations;En03;8;NULL;Gestionnaire 01;Enquêteur 03
216270;7;1;NULL;Mahu;531001020;134;1;A côté de la mairie;Pas d'informations;En03;8;NULL;Gestionnaire 01;Enquêteur 03
216259;71;1;NULL;Mahu;531001020;74;1;A côté de la mairie;Pas d'informations;En04;7;NULL;Gestionnaire 01;Enquêteur 04
216260;7;1;NULL;Mahu;531001020;85;1;A côté de la mairie;Pas d'informations;En04;7;NULL;Gestionnaire 01;Enquêteur 04
216261;67;1;NULL;Mahu;531001020;90;1;A côté de la mairie;Pas d'informations;En04;7;NULL;Gestionnaire 01;Enquêteur 04
216295;7;1;NULL;Mataura;532001030;122;1;A côté de la mairie;Pas d'informations;En04;8;NULL;Gestionnaire 01;Enquêteur 04
216296;51;1;NULL;Mataura;532001030;124;1;A côté de la mairie;Pas d'informations;En04;8;NULL;Gestionnaire 01;Enquêteur 04
216297;11;1;NULL;Mataura;532001030;129;1;A côté de la mairie;Pas d'informations;En03;9;NULL;Gestionnaire 01;Enquêteur 03
216298;83;1;NULL;Mataura;532001030;134;1;A côté de la mairie;Pas d'informations;En03;9;NULL;Gestionnaire 01;Enquêteur 03
216299;87;1;NULL;Mataura;532001030;146;1;A côté de la mairie;Pas d'informations;En03;10;NULL;Gestionnaire 01;Enquêteur 03
216289;27;1;NULL;Mataura;532001030;105;1;A côté de la mairie;Pas d'informations;En04;8;NULL;Gestionnaire 01;Enquêteur 04
216275;27;1;NULL;Mataura;532001030;13;1;A côté de la mairie;Pas d'informations;En04;9;NULL;Gestionnaire 01;Enquêteur 04
216276;99;1;NULL;Mataura;532001030;14;1;A côté de la mairie;Pas d'informations;En04;9;NULL;Gestionnaire 01;Enquêteur 04
216278;7;1;NULL;Mataura;532001030;25;1;A côté de la mairie;Pas d'informations;En04;9;NULL;Gestionnaire 01;Enquêteur 04
216279;91;1;NULL;Mataura;532001030;27;1;A côté de la mairie;Pas d'informations;En04;9;NULL;Gestionnaire 01;Enquêteur 04
216280;7;1;NULL;Mataura;532001030;48;1;A côté de la mairie;Pas d'informations;En03;10;NULL;Gestionnaire 01;Enquêteur 03
216281;7;1;NULL;Mataura;532001030;50;1;A côté de la mairie;Pas d'informations;En03;10;NULL;Gestionnaire 01;Enquêteur 03
216282;27;1;NULL;Mataura;532001030;63;1;A côté de la mairie;Pas d'informations;En03;10;NULL;Gestionnaire 01;Enquêteur 03
216274;27;1;NULL;Mataura;532001030;10;1;A côté de la mairie;Pas d'informations;En04;9;NULL;Gestionnaire 01;Enquêteur 04
216284;67;1;NULL;Mataura;532001030;77;1;A côté de la mairie;Pas d'informations;En03;10;NULL;Gestionnaire 01;Enquêteur 03
216285;7;1;NULL;Mataura;532001030;80;1;A côté de la mairie;Pas d'informations;En03;10;NULL;Gestionnaire 01;Enquêteur 03
216286;27;1;NULL;Mataura;532001030;86;1;A côté de la mairie;Pas d'informations;En03;10;NULL;Gestionnaire 01;Enquêteur 03
216287;47;1;NULL;Mataura;532001030;101;1;A côté de la mairie;Pas d'informations;En03;10;NULL;Gestionnaire 01;Enquêteur 03
216288;23;1;NULL;Mataura;532001030;102;1;A côté de la mairie;Pas d'informations;En04;8;NULL;Gestionnaire 01;Enquêteur 04
216277;11;1;NULL;Mataura;532001030;19;1;A côté de la mairie;Pas d'informations;En04;9;NULL;Gestionnaire 01;Enquêteur 04
216290;47;1;NULL;Mataura;532001030;107;1;A côté de la mairie;Pas d'informations;En04;8;NULL;Gestionnaire 01;Enquêteur 04
216291;19;1;NULL;Mataura;532001030;112;1;A côté de la mairie;Pas d'informations;En04;8;NULL;Gestionnaire 01;Enquêteur 04
216292;87;1;NULL;Mataura;532001030;115;1;A côté de la mairie;Pas d'informations;En04;8;NULL;Gestionnaire 01;Enquêteur 04
216293;3;1;NULL;Mataura;532001030;117;1;A côté de la mairie;Pas d'informations;En04;8;NULL;Gestionnaire 01;Enquêteur 04
216294;87;1;NULL;Mataura;532001030;120;1;A côté de la mairie;Pas d'informations;En04;8;NULL;Gestionnaire 01;Enquêteur 04
216283;7;1;NULL;Mataura;532001030;75;1;A côté de la mairie;Pas d'informations;En03;10;NULL;Gestionnaire 01;Enquêteur 03
216313;95;1;NULL;Mataura;532001040;82;1;A côté de la mairie;Pas d'informations;En04;9;NULL;Gestionnaire 01;Enquêteur 04
216307;87;1;NULL;Mataura;532001040;45;1;A côté de la mairie;Pas d'informations;En03;11;NULL;Gestionnaire 01;Enquêteur 03
216308;19;1;NULL;Mataura;532001040;62;1;A côté de la mairie;Pas d'informations;En03;11;NULL;Gestionnaire 01;Enquêteur 03
216309;55;1;NULL;Mataura;532001040;64;1;A côté de la mairie;Pas d'informations;En04;9;NULL;Gestionnaire 01;Enquêteur 04
216310;27;1;NULL;Mataura;532001040;66;1;A côté de la mairie;Pas d'informations;En04;9;NULL;Gestionnaire 01;Enquêteur 04
216311;3;1;NULL;Mataura;532001040;78;1;A côté de la mairie;Pas d'informations;En03;11;NULL;Gestionnaire 01;Enquêteur 03
216306;15;1;NULL;Mataura;532001040;39;1;A côté de la mairie;Pas d'informations;En03;11;NULL;Gestionnaire 01;Enquêteur 03
216300;7;1;NULL;Mataura;532001040;4;1;A côté de la mairie;Pas d'informations;En04;10;NULL;Gestionnaire 01;Enquêteur 04
216312;43;1;NULL;Mataura;532001040;79;1;A côté de la mairie;Pas d'informations;En03;11;NULL;Gestionnaire 01;Enquêteur 03
216301;7;1;NULL;Mataura;532001040;10;1;A côté de la mairie;Pas d'informations;En04;10;NULL;Gestionnaire 01;Enquêteur 04
216302;51;1;NULL;Mataura;532001040;21;1;A côté de la mairie;Pas d'informations;En03;11;NULL;Gestionnaire 01;Enquêteur 03
216303;23;1;NULL;Mataura;532001040;26;1;A côté de la mairie;Pas d'informations;En03;11;NULL;Gestionnaire 01;Enquêteur 03
216304;79;1;NULL;Mataura;532001040;29;1;A côté de la mairie;Pas d'informations;En03;11;NULL;Gestionnaire 01;Enquêteur 03
216305;67;1;NULL;Mataura;532001040;33;1;A côté de la mairie;Pas d'informations;En03;11;NULL;Gestionnaire 01;Enquêteur 03
216325;87;1;NULL;Mataura;532001050;103;1;A côté de la mairie;Pas d'informations;En04;11;NULL;Gestionnaire 01;Enquêteur 04
216319;99;1;NULL;Mataura;532001050;69;1;A côté de la mairie;Pas d'informations;En03;1;ERV;Gestionnaire 01;Enquêteur 03
216320;7;1;NULL;Mataura;532001050;70;1;A côté de la mairie;Pas d'informations;En03;1;ERV;Gestionnaire 01;Enquêteur 03
216321;79;1;NULL;Mataura;532001050;71;1;A côté de la mairie;Pas d'informations;En03;1;VAC;Gestionnaire 01;Enquêteur 03
216322;39;1;NULL;Mataura;532001050;83;1;A côté de la mairie;Pas d'informations;En04;11;NULL;Gestionnaire 01;Enquêteur 04
216323;3;1;NULL;Mataura;532001050;91;1;A côté de la mairie;Pas d'informations;En04;11;NULL;Gestionnaire 01;Enquêteur 04
216324;27;1;NULL;Mataura;532001050;94;2;A côté de la mairie;Pas d'informations;En04;10;NULL;Gestionnaire 01;Enquêteur 04
216314;47;1;NULL;Mataura;532001050;3;1;A côté de la mairie;Pas d'informations;En04;10;NULL;Gestionnaire 01;Enquêteur 04
216315;67;1;NULL;Mataura;532001050;4;1;A côté de la mairie;Pas d'informations;En04;11;NULL;Gestionnaire 01;Enquêteur 04
216316;27;1;NULL;Mataura;532001050;21;1;A côté de la mairie;Pas d'informations;En04;10;NULL;Gestionnaire 01;Enquêteur 04
216317;67;1;NULL;Mataura;532001050;24;1;A côté de la mairie;Pas d'informations;En04;10;NULL;Gestionnaire 01;Enquêteur 04
216318;47;1;NULL;Mataura;532001050;40;1;A côté de la mairie;Pas d'informations;En03;1;ERV;Gestionnaire 01;Enquêteur 03
216337;11;1;NULL;Mataura;532001060;93;1;A côté de la mairie;Pas d'informations;En04;12;NULL;Gestionnaire 01;Enquêteur 04
216338;43;1;NULL;Mataura;532001060;103;1;A côté de la mairie;Pas d'informations;En03;12;NULL;Gestionnaire 01;Enquêteur 03
216339;91;1;NULL;Mataura;532001060;104;1;A côté de la mairie;Pas d'informations;En03;12;NULL;Gestionnaire 01;Enquêteur 03
216340;7;1;NULL;Mataura;532001060;105;1;A côté de la mairie;Pas d'informations;En03;12;NULL;Gestionnaire 01;Enquêteur 03
216341;11;1;NULL;Mataura;532001060;111;1;A côté de la mairie;Pas d'informations;En03;12;NULL;Gestionnaire 01;Enquêteur 03
216342;75;1;NULL;Mataura;532001060;116;1;A côté de la mairie;Pas d'informations;En03;12;NULL;Gestionnaire 01;Enquêteur 03
216326;47;1;NULL;Mataura;532001060;10;1;A côté de la mairie;Pas d'informations;En04;12;NULL;Gestionnaire 01;Enquêteur 04
216327;75;1;NULL;Mataura;532001060;11;1;A côté de la mairie;Pas d'informations;En04;12;NULL;Gestionnaire 01;Enquêteur 04
216328;71;1;NULL;Mataura;532001060;12;1;A côté de la mairie;Pas d'informations;En04;12;NULL;Gestionnaire 01;Enquêteur 04
216329;59;1;NULL;Mataura;532001060;17;1;A côté de la mairie;Pas d'informations;En04;12;NULL;Gestionnaire 01;Enquêteur 04
216330;67;1;NULL;Mataura;532001060;24;1;A côté de la mairie;Pas d'informations;En03;12;NULL;Gestionnaire 01;Enquêteur 03
216331;71;1;NULL;Mataura;532001060;36;1;A côté de la mairie;Pas d'informations;En04;12;NULL;Gestionnaire 01;Enquêteur 04
216332;11;1;NULL;Mataura;532001060;38;1;A côté de la mairie;Pas d'informations;En03;12;NULL;Gestionnaire 01;Enquêteur 03
216333;87;1;NULL;Mataura;532001060;40;1;A côté de la mairie;Pas d'informations;En04;12;NULL;Gestionnaire 01;Enquêteur 04
216334;79;1;NULL;Mataura;532001060;47;1;A côté de la mairie;Pas d'informations;En04;12;NULL;Gestionnaire 01;Enquêteur 04
216335;47;1;NULL;Mataura;532001060;84;1;A côté de la mairie;Pas d'informations;En03;12;NULL;Gestionnaire 01;Enquêteur 03
216336;91;1;NULL;Mataura;532001060;86;1;A côté de la mairie;Pas d'informations;En03;12;NULL;Gestionnaire 01;Enquêteur 03
216349;27;1;NULL;Mataura;532001070;49;1;A côté de la mairie;Pas d'informations;En04;10;NULL;Gestionnaire 01;Enquêteur 04
216350;7;1;NULL;Mataura;532001070;55;1;A côté de la mairie;Pas d'informations;En04;10;NULL;Gestionnaire 01;Enquêteur 04
216351;51;1;NULL;Mataura;532001070;62;1;A côté de la mairie;Pas d'informations;En04;11;NULL;Gestionnaire 01;Enquêteur 04
216343;87;1;NULL;Mataura;532001070;5;1;A côté de la mairie;Pas d'informations;En04;11;NULL;Gestionnaire 01;Enquêteur 04
216344;91;1;NULL;Mataura;532001070;8;1;A côté de la mairie;Pas d'informations;En04;11;NULL;Gestionnaire 01;Enquêteur 04
216345;7;1;NULL;Mataura;532001070;41;1;A côté de la mairie;Pas d'informations;En04;11;NULL;Gestionnaire 01;Enquêteur 04
216346;91;1;NULL;Mataura;532001070;42;1;A côté de la mairie;Pas d'informations;En04;11;NULL;Gestionnaire 01;Enquêteur 04
216347;47;1;NULL;Mataura;532001070;46;1;A côté de la mairie;Pas d'informations;En04;10;NULL;Gestionnaire 01;Enquêteur 04
216348;87;1;NULL;Mataura;532001070;48;1;A côté de la mairie;Pas d'informations;En04;10;NULL;Gestionnaire 01;Enquêteur 04
216367;11;1;NULL;Mataura;532001080;126;1;A côté de la mairie;Pas d'informations;En03;1;ERV;Gestionnaire 01;Enquêteur 03
216361;11;1;NULL;Mataura;532001080;92;1;A côté de la mairie;Pas d'informations;En04;1;ERV;Gestionnaire 01;Enquêteur 04
216362;43;1;NULL;Mataura;532001080;94;1;A côté de la mairie;Pas d'informations;En04;1;ERV;Gestionnaire 01;Enquêteur 04
216363;3;1;NULL;Mataura;532001080;98;1;A côté de la mairie;Pas d'informations;En03;2;ERV;Gestionnaire 01;Enquêteur 03
216364;3;1;NULL;Mataura;532001080;106;1;A côté de la mairie;Pas d'informations;En03;2;VAC;Gestionnaire 01;Enquêteur 03
216365;67;1;NULL;Mataura;532001080;119;1;A côté de la mairie;Pas d'informations;En04;1;ERV;Gestionnaire 01;Enquêteur 04
216360;87;1;NULL;Mataura;532001080;86;1;A côté de la mairie;Pas d'informations;En04;1;NULL;Gestionnaire 01;Enquêteur 04
216352;79;1;NULL;Mataura;532001080;3;1;A côté de la mairie;Pas d'informations;En03;1;ERV;Gestionnaire 01;Enquêteur 03
216353;15;1;NULL;Mataura;532001080;18;1;A côté de la mairie;Pas d'informations;En04;1;ERV;Gestionnaire 01;Enquêteur 04
216354;67;1;NULL;Mataura;532001080;20;1;A côté de la mairie;Pas d'informations;En04;1;PER;Gestionnaire 01;Enquêteur 04
216366;63;1;NULL;Mataura;532001080;123;1;A côté de la mairie;Pas d'informations;En04;1;ERV;Gestionnaire 01;Enquêteur 04
216355;27;1;NULL;Mataura;532001080;26;1;A côté de la mairie;Pas d'informations;En04;1;ERV;Gestionnaire 01;Enquêteur 04
216356;87;1;NULL;Mataura;532001080;40;1;A côté de la mairie;Pas d'informations;En04;1;VAC;Gestionnaire 01;Enquêteur 04
216357;31;1;NULL;Mataura;532001080;61;801;A côté de la mairie;Pas d'informations;En03;1;ERV;Gestionnaire 01;Enquêteur 03
216358;23;1;NULL;Mataura;532001080;76;1;A côté de la mairie;Pas d'informations;En03;1;ERV;Gestionnaire 01;Enquêteur 03
216359;3;1;NULL;Mataura;532001080;77;1;A côté de la mairie;Pas d'informations;En03;1;ERV;Gestionnaire 01;Enquêteur 03
216385;67;1;NULL;Taahuaia;533001090;116;1;A côté de la mairie;Pas d'informations;En03;2;ERV;Gestionnaire 01;Enquêteur 03
216386;35;1;NULL;Taahuaia;533001090;122;1;A côté de la mairie;Pas d'informations;En04;2;ERV;Gestionnaire 01;Enquêteur 04
216379;27;1;NULL;Taahuaia;533001090;70;1;A côté de la mairie;Pas d'informations;En03;2;ERV;Gestionnaire 01;Enquêteur 03
216380;87;1;NULL;Taahuaia;533001090;72;1;A côté de la mairie;Pas d'informations;En03;2;ERV;Gestionnaire 01;Enquêteur 03
216381;87;1;NULL;Taahuaia;533001090;80;1;A côté de la mairie;Pas d'informations;En03;3;ERV;Gestionnaire 01;Enquêteur 03
216382;47;1;NULL;Taahuaia;533001090;95;1;A côté de la mairie;Pas d'informations;En03;3;VAC;Gestionnaire 01;Enquêteur 03
216372;79;1;NULL;Taahuaia;533001090;49;1;A côté de la mairie;Pas d'informations;En04;2;ERV;Gestionnaire 01;Enquêteur 04
216377;47;1;NULL;Taahuaia;533001090;55;1;A côté de la mairie;Pas d'informations;En04;2;ERV;Gestionnaire 01;Enquêteur 04
216378;35;1;NULL;Taahuaia;533001090;69;1;A côté de la mairie;Pas d'informations;En03;2;VAC;Gestionnaire 01;Enquêteur 03
216368;31;1;NULL;Taahuaia;533001090;17;1;A côté de la mairie;Pas d'informations;En03;2;ERV;Gestionnaire 01;Enquêteur 03
216369;7;1;NULL;Taahuaia;533001090;25;1;A côté de la mairie;Pas d'informations;En03;2;ERV;Gestionnaire 01;Enquêteur 03
216370;7;1;NULL;Taahuaia;533001090;28;1;A côté de la mairie;Pas d'informations;En03;2;ERV;Gestionnaire 01;Enquêteur 03
216371;11;1;NULL;Taahuaia;533001090;36;1;A côté de la mairie;Pas d'informations;En04;2;ERV;Gestionnaire 01;Enquêteur 04
216383;47;1;NULL;Taahuaia;533001090;105;1;A côté de la mairie;Pas d'informations;En03;3;VAC;Gestionnaire 01;Enquêteur 03
216384;83;1;NULL;Taahuaia;533001090;106;1;A côté de la mairie;Pas d'informations;En04;2;ERV;Gestionnaire 01;Enquêteur 04
216373;7;1;NULL;Taahuaia;533001090;50;1;A côté de la mairie;Pas d'informations;En04;2;ERV;Gestionnaire 01;Enquêteur 04
216374;63;1;NULL;Taahuaia;533001090;51;1;A côté de la mairie;Pas d'informations;En04;2;ERV;Gestionnaire 01;Enquêteur 04
216375;67;1;NULL;Taahuaia;533001090;53;1;A côté de la mairie;Pas d'informations;En04;2;VAC;Gestionnaire 01;Enquêteur 04
216376;43;1;NULL;Taahuaia;533001090;54;1;A côté de la mairie;Pas d'informations;En04;2;ERV;Gestionnaire 01;Enquêteur 04
216403;83;1;NULL;Taahuaia;533001100;107;1;A côté de la mairie;Pas d'informations;En03;3;VAC;Gestionnaire 01;Enquêteur 03
216397;87;1;NULL;Taahuaia;533001100;65;1;A côté de la mairie;Pas d'informations;En04;3;VAC;Gestionnaire 01;Enquêteur 04
216398;59;1;NULL;Taahuaia;533001100;79;1;A côté de la mairie;Pas d'informations;En04;3;ERV;Gestionnaire 01;Enquêteur 04
216399;15;1;NULL;Taahuaia;533001100;87;1;A côté de la mairie;Pas d'informations;En04;3;VAC;Gestionnaire 01;Enquêteur 04
216400;27;1;NULL;Taahuaia;533001100;94;1;A côté de la mairie;Pas d'informations;En04;3;VAC;Gestionnaire 01;Enquêteur 04
216401;55;1;NULL;Taahuaia;533001100;98;1;A côté de la mairie;Pas d'informations;En04;3;PER;Gestionnaire 01;Enquêteur 04
216396;55;1;NULL;Taahuaia;533001100;63;1;A côté de la mairie;Pas d'informations;En04;3;ERV;Gestionnaire 01;Enquêteur 04
216387;71;1;NULL;Taahuaia;533001100;14;1;A côté de la mairie;Pas d'informations;En03;4;NULL;Gestionnaire 01;Enquêteur 03
216388;67;1;NULL;Taahuaia;533001100;15;1;A côté de la mairie;Pas d'informations;En03;4;NULL;Gestionnaire 01;Enquêteur 03
216389;83;1;NULL;Taahuaia;533001100;24;1;A côté de la mairie;Pas d'informations;En03;3;ERV;Gestionnaire 01;Enquêteur 03
216390;7;1;NULL;Taahuaia;533001100;25;1;A côté de la mairie;Pas d'informations;En03;3;VAC;Gestionnaire 01;Enquêteur 03
216402;67;1;NULL;Taahuaia;533001100;105;1;A côté de la mairie;Pas d'informations;En03;3;ERV;Gestionnaire 01;Enquêteur 03
216391;87;1;NULL;Taahuaia;533001100;30;1;A côté de la mairie;Pas d'informations;En03;3;ERV;Gestionnaire 01;Enquêteur 03
216392;83;1;NULL;Taahuaia;533001100;48;1;A côté de la mairie;Pas d'informations;En03;3;ERV;Gestionnaire 01;Enquêteur 03
216393;23;1;NULL;Taahuaia;533001100;52;1;A côté de la mairie;Pas d'informations;En04;3;ERV;Gestionnaire 01;Enquêteur 04
216394;47;1;NULL;Taahuaia;533001100;60;1;A côté de la mairie;Pas d'informations;En04;3;ERV;Gestionnaire 01;Enquêteur 04
216395;7;1;NULL;Taahuaia;533001100;61;1;A côté de la mairie;Pas d'informations;En04;3;ERV;Gestionnaire 01;Enquêteur 04
216427;39;1;NULL;Taahuaia;533001110;117;1;A côté de la mairie;Pas d'informations;En03;4;NULL;Gestionnaire 01;Enquêteur 03
216428;3;1;NULL;Taahuaia;533001110;129;1;A côté de la mairie;Pas d'informations;En03;4;NULL;Gestionnaire 01;Enquêteur 03
216429;31;1;NULL;Taahuaia;533001110;137;1;A côté de la mairie;Pas d'informations;En03;4;NULL;Gestionnaire 01;Enquêteur 03
216430;7;1;NULL;Taahuaia;533001110;146;1;A côté de la mairie;Pas d'informations;En03;5;NULL;Gestionnaire 01;Enquêteur 03
216431;7;1;NULL;Taahuaia;533001110;150;1;A côté de la mairie;Pas d'informations;En03;4;NULL;Gestionnaire 01;Enquêteur 03
216432;47;1;NULL;Taahuaia;533001110;152;1;A côté de la mairie;Pas d'informations;En03;5;NULL;Gestionnaire 01;Enquêteur 03
216404;91;1;NULL;Taahuaia;533001110;3;1;A côté de la mairie;Pas d'informations;En03;6;NULL;Gestionnaire 01;Enquêteur 03
216405;27;1;NULL;Taahuaia;533001110;6;1;A côté de la mairie;Pas d'informations;En03;6;NULL;Gestionnaire 01;Enquêteur 03
216406;51;1;NULL;Taahuaia;533001110;12;1;A côté de la mairie;Pas d'informations;En03;6;NULL;Gestionnaire 01;Enquêteur 03
216407;63;1;NULL;Taahuaia;533001110;14;1;A côté de la mairie;Pas d'informations;En03;6;NULL;Gestionnaire 01;Enquêteur 03
216408;47;1;NULL;Taahuaia;533001110;15;1;A côté de la mairie;Pas d'informations;En03;6;NULL;Gestionnaire 01;Enquêteur 03
216409;67;1;NULL;Taahuaia;533001110;39;1;A côté de la mairie;Pas d'informations;En03;5;NULL;Gestionnaire 01;Enquêteur 03
216410;7;1;NULL;Taahuaia;533001110;40;1;A côté de la mairie;Pas d'informations;En03;5;NULL;Gestionnaire 01;Enquêteur 03
216411;27;1;NULL;Taahuaia;533001110;47;1;A côté de la mairie;Pas d'informations;En03;5;NULL;Gestionnaire 01;Enquêteur 03
216412;47;1;NULL;Taahuaia;533001110;52;1;A côté de la mairie;Pas d'informations;En03;5;NULL;Gestionnaire 01;Enquêteur 03
216413;87;1;NULL;Taahuaia;533001110;61;1;A côté de la mairie;Pas d'informations;En03;5;NULL;Gestionnaire 01;Enquêteur 03
216414;47;1;NULL;Taahuaia;533001110;66;1;A côté de la mairie;Pas d'informations;En03;5;NULL;Gestionnaire 01;Enquêteur 03
216415;67;1;NULL;Taahuaia;533001110;71;1;A côté de la mairie;Pas d'informations;En04;4;NULL;Gestionnaire 01;Enquêteur 04
216416;31;1;NULL;Taahuaia;533001110;73;1;A côté de la mairie;Pas d'informations;En04;4;NULL;Gestionnaire 01;Enquêteur 04
216417;39;1;NULL;Taahuaia;533001110;77;1;A côté de la mairie;Pas d'informations;En04;4;NULL;Gestionnaire 01;Enquêteur 04
216418;27;1;NULL;Taahuaia;533001110;80;1;A côté de la mairie;Pas d'informations;En04;4;NULL;Gestionnaire 01;Enquêteur 04
216419;83;1;NULL;Taahuaia;533001110;83;1;A côté de la mairie;Pas d'informations;En04;4;NULL;Gestionnaire 01;Enquêteur 04
216420;7;1;NULL;Taahuaia;533001110;85;1;A côté de la mairie;Pas d'informations;En04;4;NULL;Gestionnaire 01;Enquêteur 04
216421;71;1;NULL;Taahuaia;533001110;88;1;A côté de la mairie;Pas d'informations;En04;4;NULL;Gestionnaire 01;Enquêteur 04
216422;27;1;NULL;Taahuaia;533001110;95;1;A côté de la mairie;Pas d'informations;En04;4;NULL;Gestionnaire 01;Enquêteur 04
216423;59;1;NULL;Taahuaia;533001110;103;1;A côté de la mairie;Pas d'informations;En04;4;NULL;Gestionnaire 01;Enquêteur 04
216424;27;1;NULL;Taahuaia;533001110;110;1;A côté de la mairie;Pas d'informations;En03;4;NULL;Gestionnaire 01;Enquêteur 03
216425;27;1;NULL;Taahuaia;533001110;113;1;A côté de la mairie;Pas d'informations;En03;4;NULL;Gestionnaire 01;Enquêteur 03
216426;27;1;NULL;Taahuaia;533001110;115;1;A côté de la mairie;Pas d'informations;En03;4;NULL;Gestionnaire 01;Enquêteur 03
