208391;3;1;NULL;Hao;202001070;120;1;A côté de la mairie;Pas d'informations;En05;11;ERV;Gestionnaire 01;Enquêteur 05
208392;43;1;NULL;Hao;202001070;122;1;A côté de la mairie;Pas d'informations;En05;11;ERV;Gestionnaire 01;Enquêteur 05
208393;83;1;NULL;Hao;202001070;123;1;A côté de la mairie;Pas d'informations;En05;11;ERV;Gestionnaire 01;Enquêteur 05
208396;3;1;NULL;Hao;202001070;129;1;A côté de la mairie;Pas d'informations;En05;11;ERV;Gestionnaire 01;Enquêteur 05
208397;43;1;NULL;Hao;202001070;130;1;A côté de la mairie;Pas d'informations;En05;11;ERV;Gestionnaire 01;Enquêteur 05
208398;83;1;NULL;Hao;202001070;131;1;A côté de la mairie;Pas d'informations;En05;11;IAJ;Gestionnaire 01;Enquêteur 05
208399;23;1;NULL;Hao;202001070;136;1;A côté de la mairie;Pas d'informations;En05;11;ERV;Gestionnaire 01;Enquêteur 05
208403;67;1;NULL;Hao;202001080;1;1;A côté de la mairie;Pas d'informations;En05;11;SEC;Gestionnaire 01;Enquêteur 05
208404;47;1;NULL;Hao;202001080;4;1;A côté de la mairie;Pas d'informations;En05;11;ALD;Gestionnaire 01;Enquêteur 05
208405;27;1;NULL;Hao;202001080;15;1;A côté de la mairie;Pas d'informations;En06;11;VAC;Gestionnaire 01;Enquêteur 06
208406;7;1;NULL;Hao;202001080;21;1;A côté de la mairie;Pas d'informations;En06;11;ERV;Gestionnaire 01;Enquêteur 06
208407;87;1;NULL;Hao;202001080;22;1;A côté de la mairie;Pas d'informations;En06;11;ERV;Gestionnaire 01;Enquêteur 06
208408;67;1;NULL;Hao;202001080;23;1;A côté de la mairie;Pas d'informations;En06;11;ERV;Gestionnaire 01;Enquêteur 06
208409;47;1;NULL;Hao;202001080;24;1;A côté de la mairie;Pas d'informations;En06;11;ERV;Gestionnaire 01;Enquêteur 06
208410;27;1;NULL;Hao;202001080;26;1;A côté de la mairie;Pas d'informations;En06;11;ERV;Gestionnaire 01;Enquêteur 06
208411;87;1;NULL;Hao;202001080;27;1;A côté de la mairie;Pas d'informations;En06;11;VAC;Gestionnaire 01;Enquêteur 06
208427;7;1;NULL;Hao;202001080;61;1;A côté de la mairie;Pas d'informations;En06;11;ERV;Gestionnaire 01;Enquêteur 06
208428;47;1;NULL;Hao;202001080;62;1;A côté de la mairie;Pas d'informations;En06;11;ERV;Gestionnaire 01;Enquêteur 06
208086;55;1;NULL;Gambier;190061030;13;1;A côté de la mairie;Pas d'informations;En07;11;ERV;Gestionnaire 01;Enquêteur 07
208087;19;1;NULL;Gambier;190061030;14;1;A côté de la mairie;Pas d'informations;En07;11;ERV;Gestionnaire 01;Enquêteur 07
208096;31;1;NULL;Gambier;190061030;44;1;A côté de la mairie;Pas d'informations;En07;11;ERV;Gestionnaire 01;Enquêteur 07
208097;91;1;NULL;Gambier;190061030;46;1;A côté de la mairie;Pas d'informations;En07;11;ERV;Gestionnaire 01;Enquêteur 07
208098;51;1;NULL;Gambier;190061030;47;1;A côté de la mairie;Pas d'informations;En07;11;ERV;Gestionnaire 01;Enquêteur 07
208103;11;1;NULL;Gambier;190061030;62;1;A côté de la mairie;Pas d'informations;En07;11;ERV;Gestionnaire 01;Enquêteur 07
208115;55;1;NULL;Gambier;190061030;95;1;A côté de la mairie;Pas d'informations;En07;11;ERV;Gestionnaire 01;Enquêteur 07
208116;39;1;NULL;Gambier;190061030;96;1;A côté de la mairie;Pas d'informations;En07;11;PER;Gestionnaire 01;Enquêteur 07
208125;15;1;NULL;Gambier;190061030;128;1;A côté de la mairie;Pas d'informations;En07;11;ERV;Gestionnaire 01;Enquêteur 07
208099;11;1;NULL;Gambier;190061030;49;1;A côté de la mairie;Pas d'informations;En08;11;ERV;Gestionnaire 01;Enquêteur 08
208100;35;1;NULL;Gambier;190061030;51;1;A côté de la mairie;Pas d'informations;En08;11;ERV;Gestionnaire 01;Enquêteur 08
208101;27;1;NULL;Gambier;190061030;54;1;A côté de la mairie;Pas d'informations;En08;11;ERV;Gestionnaire 01;Enquêteur 08
208102;19;1;NULL;Gambier;190061030;55;1;A côté de la mairie;Pas d'informations;En08;11;ERV;Gestionnaire 01;Enquêteur 08
208104;3;1;NULL;Gambier;190061030;64;1;A côté de la mairie;Pas d'informations;En08;11;ERV;Gestionnaire 01;Enquêteur 08
208105;95;1;NULL;Gambier;190061030;65;1;A côté de la mairie;Pas d'informations;En08;11;ERV;Gestionnaire 01;Enquêteur 08
208106;87;1;NULL;Gambier;190061030;66;1;A côté de la mairie;Pas d'informations;En08;11;ERV;Gestionnaire 01;Enquêteur 08
208114;71;1;NULL;Gambier;190061030;94;1;A côté de la mairie;Pas d'informations;En08;11;ERV;Gestionnaire 01;Enquêteur 08
208123;63;1;NULL;Gambier;190061030;114;1;A côté de la mairie;Pas d'informations;En08;11;ERV;Gestionnaire 01;Enquêteur 08
208539;27;1;NULL;Rangiroa;403001090;3;1;A côté de la mairie;Pas d'informations;En13;11;ERV;Gestionnaire 01;Enquêteur 14
208540;91;1;NULL;Rangiroa;403001090;27;1;A côté de la mairie;Pas d'informations;En13;11;ERV;Gestionnaire 01;Enquêteur 14
208541;71;1;NULL;Rangiroa;403001090;35;1;A côté de la mairie;Pas d'informations;En13;11;ERV;Gestionnaire 01;Enquêteur 14
208549;11;1;NULL;Rangiroa;403001090;110;1;A côté de la mairie;Pas d'informations;En13;11;AHC;Gestionnaire 01;Enquêteur 14
208550;91;1;NULL;Rangiroa;403001090;114;1;A côté de la mairie;Pas d'informations;En13;11;VAC;Gestionnaire 01;Enquêteur 14
208551;47;1;NULL;Rangiroa;403001090;115;1;A côté de la mairie;Pas d'informations;En13;11;ERV;Gestionnaire 01;Enquêteur 14
208552;3;1;NULL;Rangiroa;403001090;117;1;A côté de la mairie;Pas d'informations;En13;11;ERV;Gestionnaire 01;Enquêteur 14
208556;27;1;NULL;Rangiroa;403001100;9;1;A côté de la mairie;Pas d'informations;En13;11;VAC;Gestionnaire 01;Enquêteur 14
208571;99;1;NULL;Rangiroa;403001100;88;1;A côté de la mairie;Pas d'informations;En13;11;ALD;Gestionnaire 01;Enquêteur 14
208504;95;1;NULL;Rangiroa;403001070;25;1;A côté de la mairie;Pas d'informations;En14;11;ALD;Gestionnaire 01;Enquêteur 14
208528;15;1;NULL;Rangiroa;403001080;22;1;A côté de la mairie;Pas d'informations;En14;11;ALD;Gestionnaire 01;Enquêteur 14
208529;43;1;NULL;Rangiroa;403001080;26;1;A côté de la mairie;Pas d'informations;En14;11;ALD;Gestionnaire 01;Enquêteur 14
208530;91;1;NULL;Rangiroa;403001080;31;1;A côté de la mairie;Pas d'informations;En14;11;ERV;Gestionnaire 01;Enquêteur 14
208531;95;1;NULL;Rangiroa;403001080;35;1;A côté de la mairie;Pas d'informations;En14;11;ERV;Gestionnaire 01;Enquêteur 14
208532;99;1;NULL;Rangiroa;403001080;42;1;A côté de la mairie;Pas d'informations;En14;11;ERV;Gestionnaire 01;Enquêteur 14
208535;11;1;NULL;Rangiroa;403001080;70;1;A côté de la mairie;Pas d'informations;En14;11;NULL;Gestionnaire 01;Enquêteur 14
208537;19;1;NULL;Rangiroa;403001080;75;1;A côté de la mairie;Pas d'informations;En14;11;ERV;Gestionnaire 01;Enquêteur 14
208325;23;1;NULL;Hao;202001060;66;1;A côté de la mairie;Pas d'informations;En05;7;ERV;Gestionnaire 01;Enquêteur 05
208326;75;1;NULL;Hao;202001060;75;1;A côté de la mairie;Pas d'informations;En05;7;IMP;Gestionnaire 01;Enquêteur 05
208327;27;1;NULL;Hao;202001060;80;1;A côté de la mairie;Pas d'informations;En05;7;IAJ;Gestionnaire 01;Enquêteur 05
208328;79;1;NULL;Hao;202001060;82;1;A côté de la mairie;Pas d'informations;En05;7;ERV;Gestionnaire 01;Enquêteur 05
208329;31;1;NULL;Hao;202001060;85;1;A côté de la mairie;Pas d'informations;En05;7;SEC;Gestionnaire 01;Enquêteur 05
208330;63;1;NULL;Hao;202001060;86;1;A côté de la mairie;Pas d'informations;En05;7;ERV;Gestionnaire 01;Enquêteur 05
208331;99;1;NULL;Hao;202001060;90;1;A côté de la mairie;Pas d'informations;En05;7;ALD;Gestionnaire 01;Enquêteur 05
208332;35;1;NULL;Hao;202001060;92;1;A côté de la mairie;Pas d'informations;En05;7;ALD;Gestionnaire 01;Enquêteur 05
208343;23;1;NULL;Hao;202001060;116;1;A côté de la mairie;Pas d'informations;En05;7;ALD;Gestionnaire 01;Enquêteur 05
208317;39;1;NULL;Hao;202001060;52;1;A côté de la mairie;Pas d'informations;En06;7;ERV;Gestionnaire 01;Enquêteur 06
208318;7;1;NULL;Hao;202001060;53;1;A côté de la mairie;Pas d'informations;En06;7;ERV;Gestionnaire 01;Enquêteur 06
208319;75;1;NULL;Hao;202001060;54;1;A côté de la mairie;Pas d'informations;En06;7;ERV;Gestionnaire 01;Enquêteur 06
208320;63;1;NULL;Hao;202001060;55;1;A côté de la mairie;Pas d'informations;En06;7;ERV;Gestionnaire 01;Enquêteur 06
208321;15;1;NULL;Hao;202001060;57;1;A côté de la mairie;Pas d'informations;En06;7;ERV;Gestionnaire 01;Enquêteur 06
208324;71;1;NULL;Hao;202001060;63;1;A côté de la mairie;Pas d'informations;En06;7;ERV;Gestionnaire 01;Enquêteur 06
208333;71;1;NULL;Hao;202001060;93;1;A côté de la mairie;Pas d'informations;En06;7;ERV;Gestionnaire 01;Enquêteur 06
208334;7;1;NULL;Hao;202001060;96;1;A côté de la mairie;Pas d'informations;En06;7;ERV;Gestionnaire 01;Enquêteur 06
208337;15;1;NULL;Hao;202001060;103;1;A côté de la mairie;Pas d'informations;En06;7;ERV;Gestionnaire 01;Enquêteur 06
208126;91;1;NULL;Gambier;190061040;2;1;A côté de la mairie;Pas d'informations;En07;7;ERV;Gestionnaire 01;Enquêteur 07
208127;67;1;NULL;Gambier;190061040;7;1;A côté de la mairie;Pas d'informations;En07;7;ERV;Gestionnaire 01;Enquêteur 07
208128;43;1;NULL;Gambier;190061040;8;1;A côté de la mairie;Pas d'informations;En07;7;ERV;Gestionnaire 01;Enquêteur 07
208129;19;1;NULL;Gambier;190061040;9;1;A côté de la mairie;Pas d'informations;En07;7;ERV;Gestionnaire 01;Enquêteur 07
208158;51;1;NULL;Gambier;190061040;69;1;A côté de la mairie;Pas d'informations;En07;7;ERV;Gestionnaire 01;Enquêteur 07
208159;3;1;NULL;Gambier;190061040;70;1;A côté de la mairie;Pas d'informations;En07;7;ERV;Gestionnaire 01;Enquêteur 07
208160;35;1;NULL;Gambier;190061040;73;1;A côté de la mairie;Pas d'informations;En07;7;ERV;Gestionnaire 01;Enquêteur 07
208162;23;1;NULL;Gambier;190061040;77;1;A côté de la mairie;Pas d'informations;En07;7;PER;Gestionnaire 01;Enquêteur 07
208163;67;1;NULL;Gambier;190061040;78;1;A côté de la mairie;Pas d'informations;En07;7;PER;Gestionnaire 01;Enquêteur 07
208130;35;1;NULL;Gambier;190061040;12;1;A côté de la mairie;Pas d'informations;En08;7;ERV;Gestionnaire 01;Enquêteur 08
208131;3;1;NULL;Gambier;190061040;13;1;A côté de la mairie;Pas d'informations;En08;7;ERV;Gestionnaire 01;Enquêteur 08
208132;71;1;NULL;Gambier;190061040;15;1;A côté de la mairie;Pas d'informations;En08;7;ERV;Gestionnaire 01;Enquêteur 08
208133;39;1;NULL;Gambier;190061040;18;1;A côté de la mairie;Pas d'informations;En08;7;ERV;Gestionnaire 01;Enquêteur 08
208155;95;1;NULL;Gambier;190061040;61;1;A côté de la mairie;Pas d'informations;En08;7;OCC;Gestionnaire 01;Enquêteur 08
208161;79;1;NULL;Gambier;190061040;76;1;A côté de la mairie;Pas d'informations;En08;7;OCC;Gestionnaire 01;Enquêteur 08
208164;11;1;NULL;Gambier;190061040;79;1;A côté de la mairie;Pas d'informations;En08;7;ERV;Gestionnaire 01;Enquêteur 08
208165;55;1;NULL;Gambier;190061040;81;1;A côté de la mairie;Pas d'informations;En08;7;ERV;Gestionnaire 01;Enquêteur 08
208166;99;1;NULL;Gambier;190061040;82;1;A côté de la mairie;Pas d'informations;En08;7;ERV;Gestionnaire 01;Enquêteur 08
208584;27;1;NULL;Rangiroa;403001110;56;1;A côté de la mairie;Pas d'informations;En13;7;NULL;Gestionnaire 01;Enquêteur 13
208585;11;1;NULL;Rangiroa;403001110;63;1;A côté de la mairie;Pas d'informations;En13;7;NULL;Gestionnaire 01;Enquêteur 13
208586;95;1;NULL;Rangiroa;403001110;73;1;A côté de la mairie;Pas d'informations;En13;7;NULL;Gestionnaire 01;Enquêteur 13
208587;79;1;NULL;Rangiroa;403001110;77;1;A côté de la mairie;Pas d'informations;En13;7;NULL;Gestionnaire 01;Enquêteur 13
208588;63;1;NULL;Rangiroa;403001110;84;1;A côté de la mairie;Pas d'informations;En13;7;NULL;Gestionnaire 01;Enquêteur 13
208589;47;1;NULL;Rangiroa;403001110;85;1;A côté de la mairie;Pas d'informations;En13;7;NULL;Gestionnaire 01;Enquêteur 13
208590;91;1;NULL;Rangiroa;403001110;100;1;A côté de la mairie;Pas d'informations;En13;7;NULL;Gestionnaire 01;Enquêteur 13
208591;51;1;NULL;Rangiroa;403001110;102;1;A côté de la mairie;Pas d'informations;En13;7;NULL;Gestionnaire 01;Enquêteur 13
208593;71;1;NULL;Rangiroa;403001110;119;1;A côté de la mairie;Pas d'informations;En13;7;NULL;Gestionnaire 01;Enquêteur 13
208482;67;1;NULL;Rangiroa;403001060;21;1;A côté de la mairie;Pas d'informations;En14;7;SEC;Gestionnaire 01;Enquêteur 14
208483;87;1;NULL;Rangiroa;403001060;23;1;A côté de la mairie;Pas d'informations;En14;7;ERV;Gestionnaire 01;Enquêteur 14
208484;7;1;NULL;Rangiroa;403001060;25;1;A côté de la mairie;Pas d'informations;En14;7;ERV;Gestionnaire 01;Enquêteur 14
208487;67;1;NULL;Rangiroa;403001060;32;1;A côté de la mairie;Pas d'informations;En14;7;SEC;Gestionnaire 01;Enquêteur 14
208488;87;1;NULL;Rangiroa;403001060;37;1;A côté de la mairie;Pas d'informations;En14;7;ERV;Gestionnaire 01;Enquêteur 14
208489;7;1;NULL;Rangiroa;403001060;40;1;A côté de la mairie;Pas d'informations;En14;7;ERV;Gestionnaire 01;Enquêteur 14
208495;27;1;NULL;Rangiroa;403001060;62;1;A côté de la mairie;Pas d'informations;En14;7;ERV;Gestionnaire 01;Enquêteur 14
208496;27;1;NULL;Rangiroa;403001060;64;1;A côté de la mairie;Pas d'informations;En14;7;ERV;Gestionnaire 01;Enquêteur 14
208499;27;1;NULL;Rangiroa;403001060;74;1;A côté de la mairie;Pas d'informations;En14;7;ERV;Gestionnaire 01;Enquêteur 14
208243;19;1;NULL;Hao;202001050;10;1;A côté de la mairie;Pas d'informations;En05;3;ERV;Gestionnaire 01;Enquêteur 05
208244;59;1;NULL;Hao;202001050;11;1;A côté de la mairie;Pas d'informations;En05;3;ERV;Gestionnaire 01;Enquêteur 05
208245;99;1;NULL;Hao;202001050;12;1;A côté de la mairie;Pas d'informations;En05;3;ERV;Gestionnaire 01;Enquêteur 05
208246;39;1;NULL;Hao;202001050;15;1;A côté de la mairie;Pas d'informations;En05;3;ERV;Gestionnaire 01;Enquêteur 05
208247;79;1;NULL;Hao;202001050;20;1;A côté de la mairie;Pas d'informations;En05;3;IAJ;Gestionnaire 01;Enquêteur 05
208249;59;1;NULL;Hao;202001050;23;1;A côté de la mairie;Pas d'informations;En05;3;ERV;Gestionnaire 01;Enquêteur 05
208250;99;1;NULL;Hao;202001050;24;1;A côté de la mairie;Pas d'informations;En05;3;ERV;Gestionnaire 01;Enquêteur 05
208260;99;1;NULL;Hao;202001050;51;1;A côté de la mairie;Pas d'informations;En05;3;ERV;Gestionnaire 01;Enquêteur 05
208261;15;1;NULL;Hao;202001050;53;1;A côté de la mairie;Pas d'informations;En05;3;VAC;Gestionnaire 01;Enquêteur 05
208279;35;1;NULL;Hao;202001050;87;1;A côté de la mairie;Pas d'informations;En06;3;ERV;Gestionnaire 01;Enquêteur 06
208280;99;1;NULL;Hao;202001050;88;1;A côté de la mairie;Pas d'informations;En06;3;ERV;Gestionnaire 01;Enquêteur 06
208281;91;1;NULL;Hao;202001050;89;1;A côté de la mairie;Pas d'informations;En06;3;VAC;Gestionnaire 01;Enquêteur 06
208282;83;1;NULL;Hao;202001050;91;1;A côté de la mairie;Pas d'informations;En06;3;ERV;Gestionnaire 01;Enquêteur 06
208283;75;1;NULL;Hao;202001050;93;1;A côté de la mairie;Pas d'informations;En06;3;ERV;Gestionnaire 01;Enquêteur 06
208284;67;1;NULL;Hao;202001050;103;1;A côté de la mairie;Pas d'informations;En06;3;ERV;Gestionnaire 01;Enquêteur 06
208285;59;1;NULL;Hao;202001050;104;1;A côté de la mairie;Pas d'informations;En06;3;ERV;Gestionnaire 01;Enquêteur 06
208286;51;1;NULL;Hao;202001050;108;1;A côté de la mairie;Pas d'informations;En06;3;PER;Gestionnaire 01;Enquêteur 06
208287;43;1;NULL;Hao;202001050;109;1;A côté de la mairie;Pas d'informations;En06;3;ERV;Gestionnaire 01;Enquêteur 06
208001;67;1;NULL;Gambier;190061010;6;1;A côté de la mairie;Pas d'informations;En07;3;ERV;Gestionnaire 01;Enquêteur 07
208002;63;1;NULL;Gambier;190061010;8;1;A côté de la mairie;Pas d'informations;En07;3;ERV;Gestionnaire 01;Enquêteur 07
208003;59;1;NULL;Gambier;190061010;10;1;A côté de la mairie;Pas d'informations;En07;3;ERV;Gestionnaire 01;Enquêteur 07
208004;55;1;NULL;Gambier;190061010;11;1;A côté de la mairie;Pas d'informations;En07;3;ERV;Gestionnaire 01;Enquêteur 07
208005;51;1;NULL;Gambier;190061010;13;1;A côté de la mairie;Pas d'informations;En07;3;ERV;Gestionnaire 01;Enquêteur 07
208006;47;1;NULL;Gambier;190061010;15;1;A côté de la mairie;Pas d'informations;En07;3;ERV;Gestionnaire 01;Enquêteur 07
208007;43;1;NULL;Gambier;190061010;20;1;A côté de la mairie;Pas d'informations;En07;3;ERV;Gestionnaire 01;Enquêteur 07
208008;39;1;NULL;Gambier;190061010;21;1;A côté de la mairie;Pas d'informations;En07;3;ERV;Gestionnaire 01;Enquêteur 07
208009;35;1;NULL;Gambier;190061010;22;1;A côté de la mairie;Pas d'informations;En07;3;ERV;Gestionnaire 01;Enquêteur 07
208046;51;1;NULL;Gambier;190061010;110;1;A côté de la mairie;Pas d'informations;En07;3;ERV;Gestionnaire 01;Enquêteur 07
208000;71;1;NULL;Gambier;190061010;5;1;A côté de la mairie;Pas d'informations;En08;3;ERV;Gestionnaire 01;Enquêteur 08
208047;31;1;NULL;Gambier;190061010;111;1;A côté de la mairie;Pas d'informations;En08;3;ERV;Gestionnaire 01;Enquêteur 08
208194;15;1;NULL;Gambier;190061050;46;1;A côté de la mairie;Pas d'informations;En08;3;ERV;Gestionnaire 01;Enquêteur 08
208195;35;1;NULL;Gambier;190061050;49;1;A côté de la mairie;Pas d'informations;En08;3;ERV;Gestionnaire 01;Enquêteur 08
208196;55;1;NULL;Gambier;190061050;50;1;A côté de la mairie;Pas d'informations;En08;3;ERV;Gestionnaire 01;Enquêteur 08
208197;75;1;NULL;Gambier;190061050;52;1;A côté de la mairie;Pas d'informations;En08;3;ERV;Gestionnaire 01;Enquêteur 08
208198;95;1;NULL;Gambier;190061050;54;1;A côté de la mairie;Pas d'informations;En08;3;ERV;Gestionnaire 01;Enquêteur 08
208199;15;1;NULL;Gambier;190061050;55;1;A côté de la mairie;Pas d'informations;En08;3;ERV;Gestionnaire 01;Enquêteur 08
208215;79;1;NULL;Gambier;190061050;88;1;A côté de la mairie;Pas d'informations;En08;3;ERV;Gestionnaire 01;Enquêteur 08
208614;31;1;NULL;Rangiroa;403001130;27;1;A côté de la mairie;Pas d'informations;En13;3;ERV;Gestionnaire 01;Enquêteur 13
208615;75;1;NULL;Rangiroa;403001130;27;2;A côté de la mairie;Pas d'informations;En13;3;VAC;Gestionnaire 01;Enquêteur 13
208617;63;1;NULL;Rangiroa;403001130;30;1;A côté de la mairie;Pas d'informations;En13;3;ERV;Gestionnaire 01;Enquêteur 13
208624;19;1;NULL;Rangiroa;403001140;2;1;A côté de la mairie;Pas d'informations;En13;3;VAC;Gestionnaire 01;Enquêteur 13
208625;35;1;NULL;Rangiroa;403001140;4;1;A côté de la mairie;Pas d'informations;En13;3;ERV;Gestionnaire 01;Enquêteur 13
208626;51;1;NULL;Rangiroa;403001140;9;1;A côté de la mairie;Pas d'informations;En13;3;ERV;Gestionnaire 01;Enquêteur 13
208627;67;1;NULL;Rangiroa;403001140;13;1;A côté de la mairie;Pas d'informations;En13;3;ERV;Gestionnaire 01;Enquêteur 13
208628;83;1;NULL;Rangiroa;403001140;16;1;A côté de la mairie;Pas d'informations;En13;3;VAC;Gestionnaire 01;Enquêteur 13
208629;99;1;NULL;Rangiroa;403001140;18;1;A côté de la mairie;Pas d'informations;En13;3;VAC;Gestionnaire 01;Enquêteur 13
208439;7;1;NULL;Rangiroa;403001030;61;1;A côté de la mairie;Pas d'informations;En14;3;ERV;Gestionnaire 01;Enquêteur 14
208441;27;1;NULL;Rangiroa;403001030;85;1;A côté de la mairie;Pas d'informations;En14;3;ERV;Gestionnaire 01;Enquêteur 14
208442;27;1;NULL;Rangiroa;403001030;87;1;A côté de la mairie;Pas d'informations;En14;3;PER;Gestionnaire 01;Enquêteur 14
208443;27;1;NULL;Rangiroa;403001030;88;1;A côté de la mairie;Pas d'informations;En14;3;VAC;Gestionnaire 01;Enquêteur 14
208444;27;1;NULL;Rangiroa;403001030;91;1;A côté de la mairie;Pas d'informations;En14;3;ERV;Gestionnaire 01;Enquêteur 14
208445;27;1;NULL;Rangiroa;403001030;104;1;A côté de la mairie;Pas d'informations;En14;3;VAC;Gestionnaire 01;Enquêteur 14
208446;27;1;NULL;Rangiroa;403001030;127;1;A côté de la mairie;Pas d'informations;En14;3;ERV;Gestionnaire 01;Enquêteur 14
208448;27;1;NULL;Rangiroa;403001030;131;1;A côté de la mairie;Pas d'informations;En14;3;ERV;Gestionnaire 01;Enquêteur 14
208449;27;1;NULL;Rangiroa;403001030;132;1;A côté de la mairie;Pas d'informations;En14;3;PER;Gestionnaire 01;Enquêteur 14
208412;47;1;NULL;Hao;202001080;28;1;A côté de la mairie;Pas d'informations;En05;12;SEC;Gestionnaire 01;Enquêteur 05
208413;7;1;NULL;Hao;202001080;30;1;A côté de la mairie;Pas d'informations;En05;12;IAJ;Gestionnaire 01;Enquêteur 05
208414;67;1;NULL;Hao;202001080;32;1;A côté de la mairie;Pas d'informations;En05;12;SEC;Gestionnaire 01;Enquêteur 05
208415;27;1;NULL;Hao;202001080;33;1;A côté de la mairie;Pas d'informations;En05;12;ERV;Gestionnaire 01;Enquêteur 05
208416;87;1;NULL;Hao;202001080;35;1;A côté de la mairie;Pas d'informations;En05;12;ERV;Gestionnaire 01;Enquêteur 05
208417;47;1;NULL;Hao;202001080;38;1;A côté de la mairie;Pas d'informations;En05;12;REF;Gestionnaire 01;Enquêteur 05
208418;7;1;NULL;Hao;202001080;40;1;A côté de la mairie;Pas d'informations;En05;12;ERV;Gestionnaire 01;Enquêteur 05
208419;67;1;NULL;Hao;202001080;43;1;A côté de la mairie;Pas d'informations;En05;12;ERV;Gestionnaire 01;Enquêteur 05
208420;27;1;NULL;Hao;202001080;45;1;A côté de la mairie;Pas d'informations;En05;12;ERV;Gestionnaire 01;Enquêteur 05
208421;67;1;NULL;Hao;202001080;48;1;A côté de la mairie;Pas d'informations;En06;12;ERV;Gestionnaire 01;Enquêteur 06
208422;7;1;NULL;Hao;202001080;49;1;A côté de la mairie;Pas d'informations;En06;12;ERV;Gestionnaire 01;Enquêteur 06
208423;47;1;NULL;Hao;202001080;50;1;A côté de la mairie;Pas d'informations;En06;12;ERV;Gestionnaire 01;Enquêteur 06
208424;87;1;NULL;Hao;202001080;52;1;A côté de la mairie;Pas d'informations;En06;12;PER;Gestionnaire 01;Enquêteur 06
208425;27;1;NULL;Hao;202001080;53;1;A côté de la mairie;Pas d'informations;En06;12;ALD;Gestionnaire 01;Enquêteur 06
208426;67;1;NULL;Hao;202001080;57;1;A côté de la mairie;Pas d'informations;En06;12;ALD;Gestionnaire 01;Enquêteur 06
208429;87;1;NULL;Hao;202001080;63;1;A côté de la mairie;Pas d'informations;En06;12;ERV;Gestionnaire 01;Enquêteur 06
208430;27;1;NULL;Hao;202001080;64;1;A côté de la mairie;Pas d'informations;En06;12;ALD;Gestionnaire 01;Enquêteur 06
208431;47;1;NULL;Hao;202001080;71;1;A côté de la mairie;Pas d'informations;En06;12;PER;Gestionnaire 01;Enquêteur 06
208080;71;1;NULL;Gambier;190061030;2;1;A côté de la mairie;Pas d'informations;En07;12;ERV;Gestionnaire 01;Enquêteur 07
208081;35;1;NULL;Gambier;190061030;3;1;A côté de la mairie;Pas d'informations;En07;12;ERV;Gestionnaire 01;Enquêteur 07
208082;99;1;NULL;Gambier;190061030;6;1;A côté de la mairie;Pas d'informations;En07;12;ERV;Gestionnaire 01;Enquêteur 07
208088;83;1;NULL;Gambier;190061030;16;1;A côté de la mairie;Pas d'informations;En07;12;ERV;Gestionnaire 01;Enquêteur 07
208093;51;1;NULL;Gambier;190061030;36;1;A côté de la mairie;Pas d'informations;En07;12;ERV;Gestionnaire 01;Enquêteur 07
208094;11;1;NULL;Gambier;190061030;40;1;A côté de la mairie;Pas d'informations;En07;12;ERV;Gestionnaire 01;Enquêteur 07
208111;19;1;NULL;Gambier;190061030;78;1;A côté de la mairie;Pas d'informations;En07;12;ERV;Gestionnaire 01;Enquêteur 07
208117;23;1;NULL;Gambier;190061030;97;1;A côté de la mairie;Pas d'informations;En07;12;ERV;Gestionnaire 01;Enquêteur 07
208118;7;1;NULL;Gambier;190061030;99;1;A côté de la mairie;Pas d'informations;En07;12;ERV;Gestionnaire 01;Enquêteur 07
208090;71;1;NULL;Gambier;190061030;23;1;A côté de la mairie;Pas d'informations;En08;12;ERV;Gestionnaire 01;Enquêteur 08
208091;31;1;NULL;Gambier;190061030;26;1;A côté de la mairie;Pas d'informations;En08;12;ERV;Gestionnaire 01;Enquêteur 08
208092;91;1;NULL;Gambier;190061030;28;1;A côté de la mairie;Pas d'informations;En08;12;ERV;Gestionnaire 01;Enquêteur 08
208095;71;1;NULL;Gambier;190061030;43;1;A côté de la mairie;Pas d'informations;En08;12;ERV;Gestionnaire 01;Enquêteur 08
208119;91;1;NULL;Gambier;190061030;102;1;A côté de la mairie;Pas d'informations;En08;12;ERV;Gestionnaire 01;Enquêteur 08
208120;35;1;NULL;Gambier;190061030;103;1;A côté de la mairie;Pas d'informations;En08;12;ERV;Gestionnaire 01;Enquêteur 08
208121;11;1;NULL;Gambier;190061030;107;1;A côté de la mairie;Pas d'informations;En08;12;ERV;Gestionnaire 01;Enquêteur 08
208122;87;1;NULL;Gambier;190061030;109;1;A côté de la mairie;Pas d'informations;En08;12;ERV;Gestionnaire 01;Enquêteur 08
208124;39;1;NULL;Gambier;190061030;123;1;A côté de la mairie;Pas d'informations;En08;12;REF;Gestionnaire 01;Enquêteur 08
208542;51;1;NULL;Rangiroa;403001090;43;1;A côté de la mairie;Pas d'informations;En13;12;ERV;Gestionnaire 01;Enquêteur 14
208543;31;1;NULL;Rangiroa;403001090;76;1;A côté de la mairie;Pas d'informations;En13;12;VAC;Gestionnaire 01;Enquêteur 14
208544;11;1;NULL;Rangiroa;403001090;88;1;A côté de la mairie;Pas d'informations;En13;12;ERV;Gestionnaire 01;Enquêteur 14
208545;91;1;NULL;Rangiroa;403001090;89;1;A côté de la mairie;Pas d'informations;En13;12;ERV;Gestionnaire 01;Enquêteur 14
208546;71;1;NULL;Rangiroa;403001090;90;1;A côté de la mairie;Pas d'informations;En13;12;ERV;Gestionnaire 01;Enquêteur 14
208547;51;1;NULL;Rangiroa;403001090;92;1;A côté de la mairie;Pas d'informations;En13;12;ERV;Gestionnaire 01;Enquêteur 14
208548;31;1;NULL;Rangiroa;403001090;99;1;A côté de la mairie;Pas d'informations;En13;12;ERV;Gestionnaire 01;Enquêteur 14
208554;15;1;NULL;Rangiroa;403001090;126;1;A côté de la mairie;Pas d'informations;En13;12;ERV;Gestionnaire 01;Enquêteur 14
208555;71;1;NULL;Rangiroa;403001090;129;1;A côté de la mairie;Pas d'informations;En13;12;ERV;Gestionnaire 01;Enquêteur 14
208523;75;1;NULL;Rangiroa;403001080;3;1;A côté de la mairie;Pas d'informations;En14;12;IAJ;Gestionnaire 01;Enquêteur 14
208524;3;1;NULL;Rangiroa;403001080;12;1;A côté de la mairie;Pas d'informations;En14;12;ALD;Gestionnaire 01;Enquêteur 14
208525;31;1;NULL;Rangiroa;403001080;15;1;A côté de la mairie;Pas d'informations;En14;12;ALD;Gestionnaire 01;Enquêteur 14
208526;59;1;NULL;Rangiroa;403001080;17;1;A côté de la mairie;Pas d'informations;En14;12;ERV;Gestionnaire 01;Enquêteur 14
208527;87;1;NULL;Rangiroa;403001080;18;1;A côté de la mairie;Pas d'informations;En14;12;ERV;Gestionnaire 01;Enquêteur 14
208533;3;1;NULL;Rangiroa;403001080;53;1;A côté de la mairie;Pas d'informations;En14;12;ERV;Gestionnaire 01;Enquêteur 14
208534;7;1;NULL;Rangiroa;403001080;63;1;A côté de la mairie;Pas d'informations;En14;12;ERV;Gestionnaire 01;Enquêteur 14
208536;15;1;NULL;Rangiroa;403001080;73;1;A côté de la mairie;Pas d'informations;En14;12;ERV;Gestionnaire 01;Enquêteur 14
208538;23;1;NULL;Rangiroa;403001080;77;1;A côté de la mairie;Pas d'informations;En14;12;ERV;Gestionnaire 01;Enquêteur 14
208553;59;1;NULL;Rangiroa;403001090;118;1;A côté de la mairie;Pas d'informations;En14;12;ERV;Gestionnaire 01;Enquêteur 14
208335;43;1;NULL;Hao;202001060;100;1;A côté de la mairie;Pas d'informations;En05;8;ERV;Gestionnaire 01;Enquêteur 05
208336;79;1;NULL;Hao;202001060;102;1;A côté de la mairie;Pas d'informations;En05;8;ERV;Gestionnaire 01;Enquêteur 05
208344;43;1;NULL;Hao;202001060;117;1;A côté de la mairie;Pas d'informations;En05;8;AHC;Gestionnaire 01;Enquêteur 05
208351;67;1;NULL;Hao;202001070;19;1;A côté de la mairie;Pas d'informations;En05;8;ERV;Gestionnaire 01;Enquêteur 05
208357;91;1;NULL;Hao;202001070;32;1;A côté de la mairie;Pas d'informations;En05;8;ERV;Gestionnaire 01;Enquêteur 05
208358;95;1;NULL;Hao;202001070;34;1;A côté de la mairie;Pas d'informations;En05;8;ALD;Gestionnaire 01;Enquêteur 05
208359;99;1;NULL;Hao;202001070;36;1;A côté de la mairie;Pas d'informations;En05;8;SEC;Gestionnaire 01;Enquêteur 05
208360;63;1;NULL;Hao;202001070;42;1;A côté de la mairie;Pas d'informations;En05;8;ERV;Gestionnaire 01;Enquêteur 05
208401;7;1;NULL;Hao;202001070;138;1;A côté de la mairie;Pas d'informations;En05;8;IAJ;Gestionnaire 01;Enquêteur 05
208348;23;1;NULL;Hao;202001070;14;1;A côté de la mairie;Pas d'informations;En06;8;ERP;Gestionnaire 01;Enquêteur 06
208349;43;1;NULL;Hao;202001070;16;1;A côté de la mairie;Pas d'informations;En06;8;SEC;Gestionnaire 01;Enquêteur 06
208350;63;1;NULL;Hao;202001070;18;1;A côté de la mairie;Pas d'informations;En06;8;ERV;Gestionnaire 01;Enquêteur 06
208352;71;1;NULL;Hao;202001070;22;1;A côté de la mairie;Pas d'informations;En06;8;SEC;Gestionnaire 01;Enquêteur 06
208353;75;1;NULL;Hao;202001070;23;1;A côté de la mairie;Pas d'informations;En06;8;ERV;Gestionnaire 01;Enquêteur 06
208354;79;1;NULL;Hao;202001070;24;1;A côté de la mairie;Pas d'informations;En06;8;ERV;Gestionnaire 01;Enquêteur 06
208355;83;1;NULL;Hao;202001070;27;1;A côté de la mairie;Pas d'informations;En06;8;ERV;Gestionnaire 01;Enquêteur 06
208356;87;1;NULL;Hao;202001070;28;1;A côté de la mairie;Pas d'informations;En06;8;VAC;Gestionnaire 01;Enquêteur 06
208400;27;1;NULL;Hao;202001070;137;1;A côté de la mairie;Pas d'informations;En06;8;ERV;Gestionnaire 01;Enquêteur 06
208059;55;1;NULL;Gambier;190061020;31;1;A côté de la mairie;Pas d'informations;En07;8;ERV;Gestionnaire 01;Enquêteur 07
208060;71;1;NULL;Gambier;190061020;34;1;A côté de la mairie;Pas d'informations;En07;8;ERV;Gestionnaire 01;Enquêteur 07
208071;39;1;NULL;Gambier;190061020;54;1;A côté de la mairie;Pas d'informations;En07;8;ERV;Gestionnaire 01;Enquêteur 07
208072;7;1;NULL;Gambier;190061020;55;1;A côté de la mairie;Pas d'informations;En07;8;ERV;Gestionnaire 01;Enquêteur 07
208073;75;1;NULL;Gambier;190061020;56;1;A côté de la mairie;Pas d'informations;En07;8;NULL;Gestionnaire 01;Enquêteur 07
208074;43;1;NULL;Gambier;190061020;57;1;A côté de la mairie;Pas d'informations;En07;8;ERV;Gestionnaire 01;Enquêteur 07
208077;47;1;NULL;Gambier;190061020;68;1;A côté de la mairie;Pas d'informations;En07;8;ERV;Gestionnaire 01;Enquêteur 07
208135;75;1;NULL;Gambier;190061040;24;1;A côté de la mairie;Pas d'informations;En07;8;ERV;Gestionnaire 01;Enquêteur 07
208167;43;1;NULL;Gambier;190061040;83;1;A côté de la mairie;Pas d'informations;En07;8;ERV;Gestionnaire 01;Enquêteur 07
208134;7;1;NULL;Gambier;190061040;23;1;A côté de la mairie;Pas d'informations;En08;8;ERV;Gestionnaire 01;Enquêteur 08
208136;43;1;NULL;Gambier;190061040;27;1;A côté de la mairie;Pas d'informations;En08;8;ERV;Gestionnaire 01;Enquêteur 08
208137;11;1;NULL;Gambier;190061040;30;1;A côté de la mairie;Pas d'informations;En08;8;ERV;Gestionnaire 01;Enquêteur 08
208150;35;1;NULL;Gambier;190061040;51;1;A côté de la mairie;Pas d'informations;En08;8;ERV;Gestionnaire 01;Enquêteur 08
208153;91;1;NULL;Gambier;190061040;58;1;A côté de la mairie;Pas d'informations;En08;8;ERV;Gestionnaire 01;Enquêteur 08
208154;43;1;NULL;Gambier;190061040;60;1;A côté de la mairie;Pas d'informations;En08;8;ERV;Gestionnaire 01;Enquêteur 08
208156;47;1;NULL;Gambier;190061040;63;1;A côté de la mairie;Pas d'informations;En08;8;ERV;Gestionnaire 01;Enquêteur 08
208157;99;1;NULL;Gambier;190061040;64;1;A côté de la mairie;Pas d'informations;En08;8;ERV;Gestionnaire 01;Enquêteur 08
208168;87;1;NULL;Gambier;190061040;84;1;A côté de la mairie;Pas d'informations;En08;8;ERV;Gestionnaire 01;Enquêteur 08
208169;31;1;NULL;Gambier;190061040;87;1;A côté de la mairie;Pas d'informations;En08;8;ERV;Gestionnaire 01;Enquêteur 08
208576;39;1;NULL;Rangiroa;403001110;8;1;A côté de la mairie;Pas d'informations;En13;8;ERV;Gestionnaire 01;Enquêteur 14
208577;47;1;NULL;Rangiroa;403001110;10;1;A côté de la mairie;Pas d'informations;En13;8;ERV;Gestionnaire 01;Enquêteur 14
208578;55;1;NULL;Rangiroa;403001110;13;1;A côté de la mairie;Pas d'informations;En13;8;ERV;Gestionnaire 01;Enquêteur 14
208579;63;1;NULL;Rangiroa;403001110;24;1;A côté de la mairie;Pas d'informations;En13;8;ERV;Gestionnaire 01;Enquêteur 14
208580;91;1;NULL;Rangiroa;403001110;29;1;A côté de la mairie;Pas d'informations;En13;8;VAC;Gestionnaire 01;Enquêteur 14
208581;75;1;NULL;Rangiroa;403001110;39;1;A côté de la mairie;Pas d'informations;En13;8;OCC;Gestionnaire 01;Enquêteur 14
208582;59;1;NULL;Rangiroa;403001110;43;1;A côté de la mairie;Pas d'informations;En13;8;ERV;Gestionnaire 01;Enquêteur 14
208583;43;1;NULL;Rangiroa;403001110;53;1;A côté de la mairie;Pas d'informations;En13;8;ERV;Gestionnaire 01;Enquêteur 14
208592;11;1;NULL;Rangiroa;403001110;118;1;A côté de la mairie;Pas d'informations;En13;8;SEC;Gestionnaire 01;Enquêteur 14
208594;31;1;NULL;Rangiroa;403001110;130;1;A côté de la mairie;Pas d'informations;En13;8;AHC;Gestionnaire 01;Enquêteur 14
208490;27;1;NULL;Rangiroa;403001060;50;1;A côté de la mairie;Pas d'informations;En14;8;ERV;Gestionnaire 01;Enquêteur 14
208491;27;1;NULL;Rangiroa;403001060;52;1;A côté de la mairie;Pas d'informations;En14;8;ERV;Gestionnaire 01;Enquêteur 14
208492;27;1;NULL;Rangiroa;403001060;53;1;A côté de la mairie;Pas d'informations;En14;8;ERV;Gestionnaire 01;Enquêteur 14
208493;27;1;NULL;Rangiroa;403001060;56;1;A côté de la mairie;Pas d'informations;En14;8;ERV;Gestionnaire 01;Enquêteur 14
208494;27;1;NULL;Rangiroa;403001060;60;1;A côté de la mairie;Pas d'informations;En14;8;ALD;Gestionnaire 01;Enquêteur 14
208515;51;1;NULL;Rangiroa;403001070;114;1;A côté de la mairie;Pas d'informations;En14;8;ERV;Gestionnaire 01;Enquêteur 14
208516;3;1;NULL;Rangiroa;403001070;115;1;A côté de la mairie;Pas d'informations;En14;8;VAC;Gestionnaire 01;Enquêteur 14
208517;55;1;NULL;Rangiroa;403001070;121;1;A côté de la mairie;Pas d'informations;En14;8;ERV;Gestionnaire 01;Enquêteur 14
208522;47;1;NULL;Rangiroa;403001070;147;1;A côté de la mairie;Pas d'informations;En14;8;ERV;Gestionnaire 01;Enquêteur 14
208248;19;1;NULL;Hao;202001050;22;1;A côté de la mairie;Pas d'informations;En05;4;ALD;Gestionnaire 01;Enquêteur 05
208262;31;1;NULL;Hao;202001050;57;1;A côté de la mairie;Pas d'informations;En05;4;ERV;Gestionnaire 01;Enquêteur 05
208263;47;1;NULL;Hao;202001050;59;1;A côté de la mairie;Pas d'informations;En05;4;ERV;Gestionnaire 01;Enquêteur 05
208264;63;1;NULL;Hao;202001050;60;1;A côté de la mairie;Pas d'informations;En05;4;PER;Gestionnaire 01;Enquêteur 05
208265;79;1;NULL;Hao;202001050;62;1;A côté de la mairie;Pas d'informations;En05;4;ERV;Gestionnaire 01;Enquêteur 05
208266;95;1;NULL;Hao;202001050;63;1;A côté de la mairie;Pas d'informations;En05;4;ERV;Gestionnaire 01;Enquêteur 05
208267;11;1;NULL;Hao;202001050;64;1;A côté de la mairie;Pas d'informations;En05;4;ALD;Gestionnaire 01;Enquêteur 05
208268;27;1;NULL;Hao;202001050;65;1;A côté de la mairie;Pas d'informations;En05;4;ERV;Gestionnaire 01;Enquêteur 05
208269;43;1;NULL;Hao;202001050;66;1;A côté de la mairie;Pas d'informations;En05;4;ERV;Gestionnaire 01;Enquêteur 05
208270;99;1;NULL;Hao;202001050;68;1;A côté de la mairie;Pas d'informations;En06;4;ALD;Gestionnaire 01;Enquêteur 06
208271;3;1;NULL;Hao;202001050;70;1;A côté de la mairie;Pas d'informations;En06;4;ERV;Gestionnaire 01;Enquêteur 06
208272;7;1;NULL;Hao;202001050;71;1;A côté de la mairie;Pas d'informations;En06;4;SEC;Gestionnaire 01;Enquêteur 06
208273;11;1;NULL;Hao;202001050;73;1;A côté de la mairie;Pas d'informations;En06;4;ERV;Gestionnaire 01;Enquêteur 06
208274;15;1;NULL;Hao;202001050;74;1;A côté de la mairie;Pas d'informations;En06;4;ERV;Gestionnaire 01;Enquêteur 06
208275;19;1;NULL;Hao;202001050;75;1;A côté de la mairie;Pas d'informations;En06;4;ERV;Gestionnaire 01;Enquêteur 06
208276;23;1;NULL;Hao;202001050;77;1;A côté de la mairie;Pas d'informations;En06;4;ERV;Gestionnaire 01;Enquêteur 06
208277;27;1;NULL;Hao;202001050;79;1;A côté de la mairie;Pas d'informations;En06;4;ERV;Gestionnaire 01;Enquêteur 06
208278;31;1;NULL;Hao;202001050;83;1;A côté de la mairie;Pas d'informations;En06;4;VAC;Gestionnaire 01;Enquêteur 06
208186;3;1;NULL;Gambier;190061050;25;1;A côté de la mairie;Pas d'informations;En07;4;ERV;Gestionnaire 01;Enquêteur 07
208188;59;1;NULL;Gambier;190061050;27;1;A côté de la mairie;Pas d'informations;En07;4;ERV;Gestionnaire 01;Enquêteur 07
208189;87;1;NULL;Gambier;190061050;28;1;A côté de la mairie;Pas d'informations;En07;4;ERV;Gestionnaire 01;Enquêteur 07
208190;35;1;NULL;Gambier;190061050;37;1;A côté de la mairie;Pas d'informations;En07;4;ERV;Gestionnaire 01;Enquêteur 07
208191;55;1;NULL;Gambier;190061050;39;1;A côté de la mairie;Pas d'informations;En07;4;ERV;Gestionnaire 01;Enquêteur 07
208192;75;1;NULL;Gambier;190061050;44;1;A côté de la mairie;Pas d'informations;En07;4;ERV;Gestionnaire 01;Enquêteur 07
208193;95;1;NULL;Gambier;190061050;45;1;A côté de la mairie;Pas d'informations;En07;4;ERV;Gestionnaire 01;Enquêteur 07
208200;99;1;NULL;Gambier;190061050;61;1;A côté de la mairie;Pas d'informations;En07;4;ERV;Gestionnaire 01;Enquêteur 07
208201;87;1;NULL;Gambier;190061050;62;1;A côté de la mairie;Pas d'informations;En07;4;ERV;Gestionnaire 01;Enquêteur 07
208184;47;1;NULL;Gambier;190061050;18;1;A côté de la mairie;Pas d'informations;En08;4;ERV;Gestionnaire 01;Enquêteur 08
208185;75;1;NULL;Gambier;190061050;22;1;A côté de la mairie;Pas d'informations;En08;4;ERV;Gestionnaire 01;Enquêteur 08
208187;31;1;NULL;Gambier;190061050;26;1;A côté de la mairie;Pas d'informations;En08;4;ERV;Gestionnaire 01;Enquêteur 08
208202;75;1;NULL;Gambier;190061050;69;1;A côté de la mairie;Pas d'informations;En08;4;ERV;Gestionnaire 01;Enquêteur 08
208204;51;1;NULL;Gambier;190061050;72;1;A côté de la mairie;Pas d'informations;En08;4;ERV;Gestionnaire 01;Enquêteur 08
208206;27;1;NULL;Gambier;190061050;74;1;A côté de la mairie;Pas d'informations;En08;4;ERV;Gestionnaire 01;Enquêteur 08
208207;15;1;NULL;Gambier;190061050;75;1;A côté de la mairie;Pas d'informations;En08;4;ERV;Gestionnaire 01;Enquêteur 08
208208;3;1;NULL;Gambier;190061050;76;1;A côté de la mairie;Pas d'informations;En08;4;ERV;Gestionnaire 01;Enquêteur 08
208209;91;1;NULL;Gambier;190061050;78;1;A côté de la mairie;Pas d'informations;En08;4;ERV;Gestionnaire 01;Enquêteur 08
208611;99;1;NULL;Rangiroa;403001130;4;1;A côté de la mairie;Pas d'informations;En13;4;ERV;Gestionnaire 01;Enquêteur 13
208612;43;1;NULL;Rangiroa;403001130;5;1;A côté de la mairie;Pas d'informations;En13;4;ERV;Gestionnaire 01;Enquêteur 13
208613;87;1;NULL;Rangiroa;403001130;13;1;A côté de la mairie;Pas d'informations;En13;4;ERV;Gestionnaire 01;Enquêteur 13
208616;19;1;NULL;Rangiroa;403001130;29;1;A côté de la mairie;Pas d'informations;En13;4;PER;Gestionnaire 01;Enquêteur 13
208618;7;1;NULL;Rangiroa;403001130;40;1;A côté de la mairie;Pas d'informations;En13;4;ERV;Gestionnaire 01;Enquêteur 13
208619;51;1;NULL;Rangiroa;403001130;47;1;A côté de la mairie;Pas d'informations;En13;4;ERV;Gestionnaire 01;Enquêteur 13
208620;55;1;NULL;Rangiroa;403001130;57;1;A côté de la mairie;Pas d'informations;En13;4;ERV;Gestionnaire 01;Enquêteur 13
208622;87;1;NULL;Rangiroa;403001130;89;1;A côté de la mairie;Pas d'informations;En13;4;ERV;Gestionnaire 01;Enquêteur 13
208623;3;1;NULL;Rangiroa;403001130;94;1;A côté de la mairie;Pas d'informations;En13;4;ERV;Gestionnaire 01;Enquêteur 13
208432;67;1;NULL;Rangiroa;403001030;19;1;A côté de la mairie;Pas d'informations;En14;4;ERV;Gestionnaire 01;Enquêteur 14
208433;87;1;NULL;Rangiroa;403001030;20;1;A côté de la mairie;Pas d'informations;En14;4;ERV;Gestionnaire 01;Enquêteur 14
208434;7;1;NULL;Rangiroa;403001030;33;1;A côté de la mairie;Pas d'informations;En14;4;ERV;Gestionnaire 01;Enquêteur 14
208435;27;1;NULL;Rangiroa;403001030;35;1;A côté de la mairie;Pas d'informations;En14;4;ERV;Gestionnaire 01;Enquêteur 14
208436;47;1;NULL;Rangiroa;403001030;39;1;A côté de la mairie;Pas d'informations;En14;4;ERV;Gestionnaire 01;Enquêteur 14
208437;67;1;NULL;Rangiroa;403001030;45;1;A côté de la mairie;Pas d'informations;En14;4;ERV;Gestionnaire 01;Enquêteur 14
208438;87;1;NULL;Rangiroa;403001030;55;1;A côté de la mairie;Pas d'informations;En14;4;PER;Gestionnaire 01;Enquêteur 14
208447;27;1;NULL;Rangiroa;403001030;129;1;A côté de la mairie;Pas d'informations;En14;4;OCC;Gestionnaire 01;Enquêteur 14
208450;27;1;NULL;Rangiroa;403001030;133;1;A côté de la mairie;Pas d'informations;En14;4;ERV;Gestionnaire 01;Enquêteur 14
208345;63;1;NULL;Hao;202001070;1;1;A côté de la mairie;Pas d'informations;En05;9;ERV;Gestionnaire 01;Enquêteur 05
208346;83;1;NULL;Hao;202001070;2;1;A côté de la mairie;Pas d'informations;En05;9;ERV;Gestionnaire 01;Enquêteur 05
208347;3;1;NULL;Hao;202001070;5;1;A côté de la mairie;Pas d'informations;En05;9;ERV;Gestionnaire 01;Enquêteur 05
208366;91;1;NULL;Hao;202001070;63;1;A côté de la mairie;Pas d'informations;En05;9;ERV;Gestionnaire 01;Enquêteur 05
208367;79;1;NULL;Hao;202001070;65;1;A côté de la mairie;Pas d'informations;En05;9;ERV;Gestionnaire 01;Enquêteur 05
208368;67;1;NULL;Hao;202001070;72;1;A côté de la mairie;Pas d'informations;En05;9;ERV;Gestionnaire 01;Enquêteur 05
208369;55;1;NULL;Hao;202001070;74;1;A côté de la mairie;Pas d'informations;En05;9;ERV;Gestionnaire 01;Enquêteur 05
208370;63;1;NULL;Hao;202001070;75;1;A côté de la mairie;Pas d'informations;En05;9;ERV;Gestionnaire 01;Enquêteur 05
208371;35;1;NULL;Hao;202001070;76;1;A côté de la mairie;Pas d'informations;En05;9;ERV;Gestionnaire 01;Enquêteur 05
208372;7;1;NULL;Hao;202001070;78;1;A côté de la mairie;Pas d'informations;En06;9;ERV;Gestionnaire 01;Enquêteur 06
208373;79;1;NULL;Hao;202001070;80;1;A côté de la mairie;Pas d'informations;En06;9;ERV;Gestionnaire 01;Enquêteur 06
208374;51;1;NULL;Hao;202001070;81;1;A côté de la mairie;Pas d'informations;En06;9;VAC;Gestionnaire 01;Enquêteur 06
208375;23;1;NULL;Hao;202001070;83;1;A côté de la mairie;Pas d'informations;En06;9;ERV;Gestionnaire 01;Enquêteur 06
208376;95;1;NULL;Hao;202001070;85;1;A côté de la mairie;Pas d'informations;En06;9;PER;Gestionnaire 01;Enquêteur 06
208377;67;1;NULL;Hao;202001070;86;1;A côté de la mairie;Pas d'informations;En06;9;ERV;Gestionnaire 01;Enquêteur 06
208380;63;1;NULL;Hao;202001070;99;1;A côté de la mairie;Pas d'informations;En06;9;ERV;Gestionnaire 01;Enquêteur 06
208381;19;1;NULL;Hao;202001070;101;1;A côté de la mairie;Pas d'informations;En06;9;ERV;Gestionnaire 01;Enquêteur 06
208382;75;1;NULL;Hao;202001070;102;1;A côté de la mairie;Pas d'informations;En06;9;VAC;Gestionnaire 01;Enquêteur 06
208062;15;1;NULL;Gambier;190061020;40;1;A côté de la mairie;Pas d'informations;En07;9;ERV;Gestionnaire 01;Enquêteur 07
208063;87;1;NULL;Gambier;190061020;41;1;A côté de la mairie;Pas d'informations;En07;9;ERV;Gestionnaire 01;Enquêteur 07
208064;59;1;NULL;Gambier;190061020;42;1;A côté de la mairie;Pas d'informations;En07;9;SEC;Gestionnaire 01;Enquêteur 07
208065;31;1;NULL;Gambier;190061020;43;1;A côté de la mairie;Pas d'informations;En07;9;ERV;Gestionnaire 01;Enquêteur 07
208066;3;1;NULL;Gambier;190061020;45;1;A côté de la mairie;Pas d'informations;En07;9;ERV;Gestionnaire 01;Enquêteur 07
208067;75;1;NULL;Gambier;190061020;46;1;A côté de la mairie;Pas d'informations;En07;9;PER;Gestionnaire 01;Enquêteur 07
208068;47;1;NULL;Gambier;190061020;47;1;A côté de la mairie;Pas d'informations;En07;9;ERV;Gestionnaire 01;Enquêteur 07
208069;19;1;NULL;Gambier;190061020;48;1;A côté de la mairie;Pas d'informations;En07;9;ERV;Gestionnaire 01;Enquêteur 07
208078;15;1;NULL;Gambier;190061020;72;1;A côté de la mairie;Pas d'informations;En07;9;ERV;Gestionnaire 01;Enquêteur 07
208052;23;1;NULL;Gambier;190061020;14;1;A côté de la mairie;Pas d'informations;En08;9;ERV;Gestionnaire 01;Enquêteur 08
208053;99;1;NULL;Gambier;190061020;19;1;A côté de la mairie;Pas d'informations;En08;9;ERV;Gestionnaire 01;Enquêteur 08
208054;75;1;NULL;Gambier;190061020;21;1;A côté de la mairie;Pas d'informations;En08;9;ERV;Gestionnaire 01;Enquêteur 08
208055;51;1;NULL;Gambier;190061020;27;1;A côté de la mairie;Pas d'informations;En08;9;ERV;Gestionnaire 01;Enquêteur 08
208061;43;1;NULL;Gambier;190061020;35;1;A côté de la mairie;Pas d'informations;En08;9;ERV;Gestionnaire 01;Enquêteur 08
208070;71;1;NULL;Gambier;190061020;53;1;A côté de la mairie;Pas d'informations;En08;9;ERV;Gestionnaire 01;Enquêteur 08
208076;79;1;NULL;Gambier;190061020;65;1;A côté de la mairie;Pas d'informations;En08;9;ERV;Gestionnaire 01;Enquêteur 08
208079;83;1;NULL;Gambier;190061020;77;1;A côté de la mairie;Pas d'informations;En08;9;ERV;Gestionnaire 01;Enquêteur 08
208563;87;1;NULL;Rangiroa;403001100;55;1;A côté de la mairie;Pas d'informations;En13;9;VAC;Gestionnaire 01;Enquêteur 14
208564;19;1;NULL;Rangiroa;403001100;59;1;A côté de la mairie;Pas d'informations;En13;9;ALD;Gestionnaire 01;Enquêteur 14
208565;51;1;NULL;Rangiroa;403001100;61;1;A côté de la mairie;Pas d'informations;En13;9;ALD;Gestionnaire 01;Enquêteur 14
208566;83;1;NULL;Rangiroa;403001100;70;1;A côté de la mairie;Pas d'informations;En13;9;VAC;Gestionnaire 01;Enquêteur 14
208567;15;1;NULL;Rangiroa;403001100;73;1;A côté de la mairie;Pas d'informations;En13;9;SEC;Gestionnaire 01;Enquêteur 14
208568;47;1;NULL;Rangiroa;403001100;74;1;A côté de la mairie;Pas d'informations;En13;9;ERV;Gestionnaire 01;Enquêteur 14
208569;79;1;NULL;Rangiroa;403001100;76;1;A côté de la mairie;Pas d'informations;En13;9;VAC;Gestionnaire 01;Enquêteur 14
208570;91;1;NULL;Rangiroa;403001100;77;1;A côté de la mairie;Pas d'informations;En13;9;ERV;Gestionnaire 01;Enquêteur 14
208572;7;1;NULL;Rangiroa;403001100;94;1;A côté de la mairie;Pas d'informations;En13;9;SEC;Gestionnaire 01;Enquêteur 14
208509;75;1;NULL;Rangiroa;403001070;65;1;A côté de la mairie;Pas d'informations;En14;9;PER;Gestionnaire 01;Enquêteur 14
208510;91;1;NULL;Rangiroa;403001070;85;1;A côté de la mairie;Pas d'informations;En14;9;ALD;Gestionnaire 01;Enquêteur 14
208511;43;1;NULL;Rangiroa;403001070;92;1;A côté de la mairie;Pas d'informations;En14;9;AHC;Gestionnaire 01;Enquêteur 14
208512;95;1;NULL;Rangiroa;403001070;94;1;A côté de la mairie;Pas d'informations;En14;9;VAC;Gestionnaire 01;Enquêteur 14
208513;47;1;NULL;Rangiroa;403001070;101;1;A côté de la mairie;Pas d'informations;En14;9;ALD;Gestionnaire 01;Enquêteur 14
208514;99;1;NULL;Rangiroa;403001070;110;1;A côté de la mairie;Pas d'informations;En14;9;ERV;Gestionnaire 01;Enquêteur 14
208519;59;1;NULL;Rangiroa;403001070;134;1;A côté de la mairie;Pas d'informations;En14;9;ERV;Gestionnaire 01;Enquêteur 14
208520;91;1;NULL;Rangiroa;403001070;136;1;A côté de la mairie;Pas d'informations;En14;9;ERV;Gestionnaire 01;Enquêteur 14
208521;19;1;NULL;Rangiroa;403001070;139;1;A côté de la mairie;Pas d'informations;En14;9;ERV;Gestionnaire 01;Enquêteur 14
208304;99;1;NULL;Hao;202001060;19;1;A côté de la mairie;Pas d'informations;En05;5;ERV;Gestionnaire 01;Enquêteur 05
208305;83;1;NULL;Hao;202001060;21;1;A côté de la mairie;Pas d'informations;En05;5;ERV;Gestionnaire 01;Enquêteur 05
208306;67;1;NULL;Hao;202001060;22;1;A côté de la mairie;Pas d'informations;En05;5;ALD;Gestionnaire 01;Enquêteur 05
208307;51;1;NULL;Hao;202001060;23;1;A côté de la mairie;Pas d'informations;En05;5;ERV;Gestionnaire 01;Enquêteur 05
208308;35;1;NULL;Hao;202001060;26;1;A côté de la mairie;Pas d'informations;En05;5;ERV;Gestionnaire 01;Enquêteur 05
208309;19;1;NULL;Hao;202001060;27;1;A côté de la mairie;Pas d'informations;En05;5;ERV;Gestionnaire 01;Enquêteur 05
208310;63;1;NULL;Hao;202001060;30;1;A côté de la mairie;Pas d'informations;En05;5;IAJ;Gestionnaire 01;Enquêteur 05
208311;31;1;NULL;Hao;202001060;31;1;A côté de la mairie;Pas d'informations;En05;5;ERV;Gestionnaire 01;Enquêteur 05
208312;99;1;NULL;Hao;202001060;32;1;A côté de la mairie;Pas d'informations;En05;5;IAJ;Gestionnaire 01;Enquêteur 05
208313;67;1;NULL;Hao;202001060;33;1;A côté de la mairie;Pas d'informations;En06;5;VAC;Gestionnaire 01;Enquêteur 06
208314;35;1;NULL;Hao;202001060;37;1;A côté de la mairie;Pas d'informations;En06;5;AHC;Gestionnaire 01;Enquêteur 06
208315;3;1;NULL;Hao;202001060;39;1;A côté de la mairie;Pas d'informations;En06;5;ERV;Gestionnaire 01;Enquêteur 06
208316;71;1;NULL;Hao;202001060;42;1;A côté de la mairie;Pas d'informations;En06;5;ERV;Gestionnaire 01;Enquêteur 06
208338;51;1;NULL;Hao;202001060;111;1;A côté de la mairie;Pas d'informations;En06;5;ERV;Gestionnaire 01;Enquêteur 06
208339;87;1;NULL;Hao;202001060;112;1;A côté de la mairie;Pas d'informations;En06;5;ERV;Gestionnaire 01;Enquêteur 06
208340;63;1;NULL;Hao;202001060;113;1;A côté de la mairie;Pas d'informations;En06;5;ERV;Gestionnaire 01;Enquêteur 06
208341;83;1;NULL;Hao;202001060;114;1;A côté de la mairie;Pas d'informations;En06;5;ERV;Gestionnaire 01;Enquêteur 06
208342;3;1;NULL;Hao;202001060;115;1;A côté de la mairie;Pas d'informations;En06;5;ERV;Gestionnaire 01;Enquêteur 06
208181;63;1;NULL;Gambier;190061050;9;1;A côté de la mairie;Pas d'informations;En07;5;ERV;Gestionnaire 01;Enquêteur 07
208182;91;1;NULL;Gambier;190061050;15;1;A côté de la mairie;Pas d'informations;En07;5;ERV;Gestionnaire 01;Enquêteur 07
208183;19;1;NULL;Gambier;190061050;17;1;A côté de la mairie;Pas d'informations;En07;5;ERV;Gestionnaire 01;Enquêteur 07
208203;63;1;NULL;Gambier;190061050;70;1;A côté de la mairie;Pas d'informations;En07;5;ERV;Gestionnaire 01;Enquêteur 07
208205;39;1;NULL;Gambier;190061050;73;1;A côté de la mairie;Pas d'informations;En07;5;ERV;Gestionnaire 01;Enquêteur 07
208210;99;1;NULL;Gambier;190061050;80;1;A côté de la mairie;Pas d'informations;En07;5;ERV;Gestionnaire 01;Enquêteur 07
208213;27;1;NULL;Gambier;190061050;86;1;A côté de la mairie;Pas d'informations;En07;5;ERV;Gestionnaire 01;Enquêteur 07
208214;3;1;NULL;Gambier;190061050;87;1;A côté de la mairie;Pas d'informations;En07;5;ERV;Gestionnaire 01;Enquêteur 07
208148;15;1;NULL;Gambier;190061040;47;1;A côté de la mairie;Pas d'informations;En08;5;ERV;Gestionnaire 01;Enquêteur 08
208149;75;1;NULL;Gambier;190061040;48;1;A côté de la mairie;Pas d'informations;En08;5;ERV;Gestionnaire 01;Enquêteur 08
208152;39;1;NULL;Gambier;190061040;57;1;A côté de la mairie;Pas d'informations;En08;5;ERV;Gestionnaire 01;Enquêteur 08
208177;87;1;NULL;Gambier;190061050;4;1;A côté de la mairie;Pas d'informations;En08;5;ERV;Gestionnaire 01;Enquêteur 08
208178;23;1;NULL;Gambier;190061050;6;1;A côté de la mairie;Pas d'informations;En08;5;ERV;Gestionnaire 01;Enquêteur 08
208179;59;1;NULL;Gambier;190061050;7;1;A côté de la mairie;Pas d'informations;En08;5;ERV;Gestionnaire 01;Enquêteur 08
208180;35;1;NULL;Gambier;190061050;8;1;A côté de la mairie;Pas d'informations;En08;5;ERV;Gestionnaire 01;Enquêteur 08
208211;75;1;NULL;Gambier;190061050;81;1;A côté de la mairie;Pas d'informations;En08;5;ERV;Gestionnaire 01;Enquêteur 08
208212;51;1;NULL;Gambier;190061050;85;1;A côté de la mairie;Pas d'informations;En08;5;ERV;Gestionnaire 01;Enquêteur 08
208595;91;1;NULL;Rangiroa;403001120;5;1;A côté de la mairie;Pas d'informations;En13;5;ERV;Gestionnaire 01;Enquêteur 13
208596;51;1;NULL;Rangiroa;403001120;7;1;A côté de la mairie;Pas d'informations;En13;5;ERV;Gestionnaire 01;Enquêteur 13
208597;11;1;NULL;Rangiroa;403001120;8;1;A côté de la mairie;Pas d'informations;En13;5;VAC;Gestionnaire 01;Enquêteur 13
208598;71;1;NULL;Rangiroa;403001120;9;1;A côté de la mairie;Pas d'informations;En13;5;NULL;Gestionnaire 01;Enquêteur 13
208599;31;1;NULL;Rangiroa;403001120;10;1;A côté de la mairie;Pas d'informations;En13;5;NULL;Gestionnaire 01;Enquêteur 13
208600;55;1;NULL;Rangiroa;403001120;11;1;A côté de la mairie;Pas d'informations;En13;5;NULL;Gestionnaire 01;Enquêteur 13
208601;27;1;NULL;Rangiroa;403001120;21;1;A côté de la mairie;Pas d'informations;En13;5;NULL;Gestionnaire 01;Enquêteur 13
208608;31;1;NULL;Rangiroa;403001120;59;1;A côté de la mairie;Pas d'informations;En13;5;ERV;Gestionnaire 01;Enquêteur 13
208621;71;1;NULL;Rangiroa;403001130;62;1;A côté de la mairie;Pas d'informations;En13;5;ERV;Gestionnaire 01;Enquêteur 13
208468;7;1;NULL;Rangiroa;403001050;2;1;A côté de la mairie;Pas d'informations;En14;5;ALD;Gestionnaire 01;Enquêteur 14
208469;67;1;NULL;Rangiroa;403001050;13;1;A côté de la mairie;Pas d'informations;En14;5;ERV;Gestionnaire 01;Enquêteur 14
208470;27;1;NULL;Rangiroa;403001050;16;1;A côté de la mairie;Pas d'informations;En14;5;ALD;Gestionnaire 01;Enquêteur 14
208471;67;1;NULL;Rangiroa;403001050;32;1;A côté de la mairie;Pas d'informations;En14;5;ALD;Gestionnaire 01;Enquêteur 14
208472;7;1;NULL;Rangiroa;403001050;40;1;A côté de la mairie;Pas d'informations;En14;5;ALD;Gestionnaire 01;Enquêteur 14
208473;47;1;NULL;Rangiroa;403001050;44;1;A côté de la mairie;Pas d'informations;En14;5;SEC;Gestionnaire 01;Enquêteur 14
208474;87;1;NULL;Rangiroa;403001050;53;1;A côté de la mairie;Pas d'informations;En14;5;ERV;Gestionnaire 01;Enquêteur 14
208475;27;1;NULL;Rangiroa;403001050;55;1;A côté de la mairie;Pas d'informations;En14;5;ALD;Gestionnaire 01;Enquêteur 14
208478;47;1;NULL;Rangiroa;403001050;68;1;A côté de la mairie;Pas d'informations;En14;5;VAC;Gestionnaire 01;Enquêteur 14
208228;11;1;NULL;Hao;202001040;26;1;A côté de la mairie;Pas d'informations;En05;1;ERV;Gestionnaire 01;Enquêteur 05
208229;75;1;NULL;Hao;202001040;30;1;A côté de la mairie;Pas d'informations;En05;1;ERV;Gestionnaire 01;Enquêteur 05
208230;99;1;NULL;Hao;202001040;41;1;A côté de la mairie;Pas d'informations;En05;1;ERV;Gestionnaire 01;Enquêteur 05
208231;51;1;NULL;Hao;202001040;46;1;A côté de la mairie;Pas d'informations;En05;1;OCC;Gestionnaire 01;Enquêteur 05
208232;3;1;NULL;Hao;202001040;47;1;A côté de la mairie;Pas d'informations;En05;1;REF;Gestionnaire 01;Enquêteur 05
208233;55;1;NULL;Hao;202001040;50;1;A côté de la mairie;Pas d'informations;En05;1;ERV;Gestionnaire 01;Enquêteur 05
208234;7;1;NULL;Hao;202001040;52;1;A côté de la mairie;Pas d'informations;En05;1;ERV;Gestionnaire 01;Enquêteur 05
208235;59;1;NULL;Hao;202001040;55;1;A côté de la mairie;Pas d'informations;En05;1;ERV;Gestionnaire 01;Enquêteur 05
208237;63;1;NULL;Hao;202001040;60;1;A côté de la mairie;Pas d'informations;En05;1;AHC;Gestionnaire 01;Enquêteur 05
208219;83;1;NULL;Hao;202001040;7;1;A côté de la mairie;Pas d'informations;En06;1;ERV;Gestionnaire 01;Enquêteur 06
208221;63;1;NULL;Hao;202001040;13;1;A côté de la mairie;Pas d'informations;En06;1;ERV;Gestionnaire 01;Enquêteur 06
208222;27;1;NULL;Hao;202001040;16;1;A côté de la mairie;Pas d'informations;En06;1;ERV;Gestionnaire 01;Enquêteur 06
208223;91;1;NULL;Hao;202001040;18;1;A côté de la mairie;Pas d'informations;En06;1;ERV;Gestionnaire 01;Enquêteur 06
208224;55;1;NULL;Hao;202001040;19;1;A côté de la mairie;Pas d'informations;En06;1;ERV;Gestionnaire 01;Enquêteur 06
208225;19;1;NULL;Hao;202001040;20;1;A côté de la mairie;Pas d'informations;En06;1;ERV;Gestionnaire 01;Enquêteur 06
208226;83;1;NULL;Hao;202001040;22;1;A côté de la mairie;Pas d'informations;En06;1;ERV;Gestionnaire 01;Enquêteur 06
208227;47;1;NULL;Hao;202001040;25;1;A côté de la mairie;Pas d'informations;En06;1;ERV;Gestionnaire 01;Enquêteur 06
208236;11;1;NULL;Hao;202001040;56;1;A côté de la mairie;Pas d'informations;En06;1;ERV;Gestionnaire 01;Enquêteur 06
208032;39;1;NULL;Gambier;190061010;67;1;A côté de la mairie;Pas d'informations;En07;1;ERV;Gestionnaire 01;Enquêteur 07
208033;23;1;NULL;Gambier;190061010;69;1;A côté de la mairie;Pas d'informations;En07;1;ERV;Gestionnaire 01;Enquêteur 07
208034;7;1;NULL;Gambier;190061010;72;1;A côté de la mairie;Pas d'informations;En07;1;ERV;Gestionnaire 01;Enquêteur 07
208035;91;1;NULL;Gambier;190061010;78;1;A côté de la mairie;Pas d'informations;En07;1;ERV;Gestionnaire 01;Enquêteur 07
208036;75;1;NULL;Gambier;190061010;80;1;A côté de la mairie;Pas d'informations;En07;1;ERV;Gestionnaire 01;Enquêteur 07
208037;59;1;NULL;Gambier;190061010;84;1;A côté de la mairie;Pas d'informations;En07;1;ERV;Gestionnaire 01;Enquêteur 07
208038;43;1;NULL;Gambier;190061010;88;1;A côté de la mairie;Pas d'informations;En07;1;ERV;Gestionnaire 01;Enquêteur 07
208040;71;1;NULL;Gambier;190061010;96;1;A côté de la mairie;Pas d'informations;En07;1;ERV;Gestionnaire 01;Enquêteur 07
208041;51;1;NULL;Gambier;190061010;97;1;A côté de la mairie;Pas d'informations;En07;1;ERV;Gestionnaire 01;Enquêteur 07
208022;47;1;NULL;Gambier;190061010;53;1;A côté de la mairie;Pas d'informations;En08;1;ERV;Gestionnaire 01;Enquêteur 08
208023;35;1;NULL;Gambier;190061010;54;1;A côté de la mairie;Pas d'informations;En08;1;ERV;Gestionnaire 01;Enquêteur 08
208025;11;1;NULL;Gambier;190061010;58;1;A côté de la mairie;Pas d'informations;En08;1;ERV;Gestionnaire 01;Enquêteur 08
208026;99;1;NULL;Gambier;190061010;59;1;A côté de la mairie;Pas d'informations;En08;1;ERV;Gestionnaire 01;Enquêteur 08
208027;87;1;NULL;Gambier;190061010;60;1;A côté de la mairie;Pas d'informations;En08;1;ERV;Gestionnaire 01;Enquêteur 08
208028;75;1;NULL;Gambier;190061010;61;1;A côté de la mairie;Pas d'informations;En08;1;ERV;Gestionnaire 01;Enquêteur 08
208029;63;1;NULL;Gambier;190061010;62;1;A côté de la mairie;Pas d'informations;En08;1;ERV;Gestionnaire 01;Enquêteur 08
208030;71;1;NULL;Gambier;190061010;63;1;A côté de la mairie;Pas d'informations;En08;1;ERV;Gestionnaire 01;Enquêteur 08
208031;55;1;NULL;Gambier;190061010;64;1;A côté de la mairie;Pas d'informations;En08;1;ERV;Gestionnaire 01;Enquêteur 08
208637;71;1;NULL;Rangiroa;403001140;70;1;A côté de la mairie;Pas d'informations;En13;1;ALD;Gestionnaire 01;Enquêteur 13
208638;59;1;NULL;Rangiroa;403001140;75;1;A côté de la mairie;Pas d'informations;En13;1;OCC;Gestionnaire 01;Enquêteur 13
208639;47;1;NULL;Rangiroa;403001140;77;1;A côté de la mairie;Pas d'informations;En13;1;ERV;Gestionnaire 01;Enquêteur 13
208642;75;1;NULL;Rangiroa;403001150;9;1;A côté de la mairie;Pas d'informations;En13;1;ERV;Gestionnaire 01;Enquêteur 13
208643;35;1;NULL;Rangiroa;403001150;13;1;A côté de la mairie;Pas d'informations;En13;1;ERV;Gestionnaire 01;Enquêteur 13
208644;95;1;NULL;Rangiroa;403001150;26;1;A côté de la mairie;Pas d'informations;En13;1;ERV;Gestionnaire 01;Enquêteur 13
208645;55;1;NULL;Rangiroa;403001150;32;1;A côté de la mairie;Pas d'informations;En13;1;ERV;Gestionnaire 01;Enquêteur 13
208646;15;1;NULL;Rangiroa;403001150;43;1;A côté de la mairie;Pas d'informations;En13;1;ERV;Gestionnaire 01;Enquêteur 13
208647;75;1;NULL;Rangiroa;403001150;56;1;A côté de la mairie;Pas d'informations;En13;1;ERV;Gestionnaire 01;Enquêteur 13
208459;47;1;NULL;Rangiroa;403001040;72;1;A côté de la mairie;Pas d'informations;En14;1;ERV;Gestionnaire 01;Enquêteur 14
208460;27;1;NULL;Rangiroa;403001040;80;1;A côté de la mairie;Pas d'informations;En14;1;ERV;Gestionnaire 01;Enquêteur 14
208461;87;1;NULL;Rangiroa;403001040;82;1;A côté de la mairie;Pas d'informations;En14;1;ERV;Gestionnaire 01;Enquêteur 14
208462;47;1;NULL;Rangiroa;403001040;91;1;A côté de la mairie;Pas d'informations;En14;1;ERV;Gestionnaire 01;Enquêteur 14
208463;7;1;NULL;Rangiroa;403001040;94;1;A côté de la mairie;Pas d'informations;En14;1;ERV;Gestionnaire 01;Enquêteur 14
208464;67;1;NULL;Rangiroa;403001040;108;1;A côté de la mairie;Pas d'informations;En14;1;ERV;Gestionnaire 01;Enquêteur 14
208465;27;1;NULL;Rangiroa;403001040;123;1;A côté de la mairie;Pas d'informations;En14;1;ERV;Gestionnaire 01;Enquêteur 14
208466;87;1;NULL;Rangiroa;403001040;124;1;A côté de la mairie;Pas d'informations;En14;1;ERV;Gestionnaire 01;Enquêteur 14
208467;47;1;NULL;Rangiroa;403001040;126;1;A côté de la mairie;Pas d'informations;En14;1;ERV;Gestionnaire 01;Enquêteur 14
208361;51;1;NULL;Hao;202001070;43;1;A côté de la mairie;Pas d'informations;En05;10;ERV;Gestionnaire 01;Enquêteur 05
208362;39;1;NULL;Hao;202001070;46;1;A côté de la mairie;Pas d'informations;En05;10;IAJ;Gestionnaire 01;Enquêteur 05
208363;27;1;NULL;Hao;202001070;47;1;A côté de la mairie;Pas d'informations;En05;10;AHC;Gestionnaire 01;Enquêteur 05
208364;15;1;NULL;Hao;202001070;54;1;A côté de la mairie;Pas d'informations;En05;10;SEC;Gestionnaire 01;Enquêteur 05
208365;3;1;NULL;Hao;202001070;58;1;A côté de la mairie;Pas d'informations;En05;10;AHC;Gestionnaire 01;Enquêteur 05
208378;39;1;NULL;Hao;202001070;89;1;A côté de la mairie;Pas d'informations;En05;10;SEC;Gestionnaire 01;Enquêteur 05
208379;11;1;NULL;Hao;202001070;93;1;A côté de la mairie;Pas d'informations;En05;10;ERV;Gestionnaire 01;Enquêteur 05
208383;31;1;NULL;Hao;202001070;103;1;A côté de la mairie;Pas d'informations;En05;10;ALD;Gestionnaire 01;Enquêteur 05
208384;87;1;NULL;Hao;202001070;104;1;A côté de la mairie;Pas d'informations;En05;10;AHC;Gestionnaire 01;Enquêteur 05
208385;43;1;NULL;Hao;202001070;107;1;A côté de la mairie;Pas d'informations;En06;10;ERV;Gestionnaire 01;Enquêteur 06
208386;99;1;NULL;Hao;202001070;110;1;A côté de la mairie;Pas d'informations;En06;10;ERV;Gestionnaire 01;Enquêteur 06
208387;55;1;NULL;Hao;202001070;111;1;A côté de la mairie;Pas d'informations;En06;10;ERV;Gestionnaire 01;Enquêteur 06
208388;11;1;NULL;Hao;202001070;114;1;A côté de la mairie;Pas d'informations;En06;10;ERV;Gestionnaire 01;Enquêteur 06
208389;67;1;NULL;Hao;202001070;115;1;A côté de la mairie;Pas d'informations;En06;10;ERV;Gestionnaire 01;Enquêteur 06
208390;63;1;NULL;Hao;202001070;116;1;A côté de la mairie;Pas d'informations;En06;10;VAC;Gestionnaire 01;Enquêteur 06
208394;23;1;NULL;Hao;202001070;124;1;A côté de la mairie;Pas d'informations;En06;10;ERV;Gestionnaire 01;Enquêteur 06
208395;63;1;NULL;Hao;202001070;125;1;A côté de la mairie;Pas d'informations;En06;10;ERV;Gestionnaire 01;Enquêteur 06
208402;87;1;NULL;Hao;202001070;141;1;A côté de la mairie;Pas d'informations;En06;10;ERV;Gestionnaire 01;Enquêteur 06
208048;11;1;NULL;Gambier;190061020;3;1;A côté de la mairie;Pas d'informations;En07;10;ERV;Gestionnaire 01;Enquêteur 07
208049;91;1;NULL;Gambier;190061020;4;1;A côté de la mairie;Pas d'informations;En07;10;ERV;Gestionnaire 01;Enquêteur 07
208050;71;1;NULL;Gambier;190061020;5;1;A côté de la mairie;Pas d'informations;En07;10;ERV;Gestionnaire 01;Enquêteur 07
208051;47;1;NULL;Gambier;190061020;11;1;A côté de la mairie;Pas d'informations;En07;10;ERV;Gestionnaire 01;Enquêteur 07
208056;27;1;NULL;Gambier;190061020;28;1;A côté de la mairie;Pas d'informations;En07;10;ERV;Gestionnaire 01;Enquêteur 07
208057;3;1;NULL;Gambier;190061020;29;1;A côté de la mairie;Pas d'informations;En07;10;ERV;Gestionnaire 01;Enquêteur 07
208058;79;1;NULL;Gambier;190061020;30;1;A côté de la mairie;Pas d'informations;En07;10;ERV;Gestionnaire 01;Enquêteur 07
208075;11;1;NULL;Gambier;190061020;64;1;A côté de la mairie;Pas d'informations;En07;10;ERV;Gestionnaire 01;Enquêteur 07
208112;3;1;NULL;Gambier;190061030;89;1;A côté de la mairie;Pas d'informations;En07;10;ERV;Gestionnaire 01;Enquêteur 07
208083;63;1;NULL;Gambier;190061030;9;1;A côté de la mairie;Pas d'informations;En08;10;ERV;Gestionnaire 01;Enquêteur 08
208084;27;1;NULL;Gambier;190061030;11;1;A côté de la mairie;Pas d'informations;En08;10;ERV;Gestionnaire 01;Enquêteur 08
208085;91;1;NULL;Gambier;190061030;12;1;A côté de la mairie;Pas d'informations;En08;10;ERV;Gestionnaire 01;Enquêteur 08
208089;47;1;NULL;Gambier;190061030;18;1;A côté de la mairie;Pas d'informations;En08;10;ERV;Gestionnaire 01;Enquêteur 08
208107;79;1;NULL;Gambier;190061030;71;1;A côté de la mairie;Pas d'informations;En08;10;ERV;Gestionnaire 01;Enquêteur 08
208108;71;1;NULL;Gambier;190061030;73;1;A côté de la mairie;Pas d'informations;En08;10;ERV;Gestionnaire 01;Enquêteur 08
208109;63;1;NULL;Gambier;190061030;74;1;A côté de la mairie;Pas d'informations;En08;10;ERV;Gestionnaire 01;Enquêteur 08
208110;35;1;NULL;Gambier;190061030;75;1;A côté de la mairie;Pas d'informations;En08;10;ERV;Gestionnaire 01;Enquêteur 08
208113;87;1;NULL;Gambier;190061030;91;1;A côté de la mairie;Pas d'informations;En08;10;ERV;Gestionnaire 01;Enquêteur 08
208557;83;1;NULL;Rangiroa;403001100;15;1;A côté de la mairie;Pas d'informations;En13;10;NULL;Gestionnaire 01;Enquêteur 13
208558;39;1;NULL;Rangiroa;403001100;20;1;A côté de la mairie;Pas d'informations;En13;10;NULL;Gestionnaire 01;Enquêteur 13
208559;95;1;NULL;Rangiroa;403001100;32;1;A côté de la mairie;Pas d'informations;En13;10;ERV;Gestionnaire 01;Enquêteur 14
208560;91;1;NULL;Rangiroa;403001100;37;1;A côté de la mairie;Pas d'informations;En13;10;ERV;Gestionnaire 01;Enquêteur 14
208561;23;1;NULL;Rangiroa;403001100;46;1;A côté de la mairie;Pas d'informations;En13;10;NULL;Gestionnaire 01;Enquêteur 13
208562;55;1;NULL;Rangiroa;403001100;48;1;A côté de la mairie;Pas d'informations;En13;10;ERV;Gestionnaire 01;Enquêteur 14
208573;15;1;NULL;Rangiroa;403001100;108;1;A côté de la mairie;Pas d'informations;En13;10;NULL;Gestionnaire 01;Enquêteur 13
208574;23;1;NULL;Rangiroa;403001100;114;1;A côté de la mairie;Pas d'informations;En13;10;ERV;Gestionnaire 01;Enquêteur 14
208575;31;1;NULL;Rangiroa;403001100;115;1;A côté de la mairie;Pas d'informations;En13;10;VAC;Gestionnaire 01;Enquêteur 14
208500;91;1;NULL;Rangiroa;403001070;1;1;A côté de la mairie;Pas d'informations;En14;10;ERV;Gestionnaire 01;Enquêteur 14
208501;67;1;NULL;Rangiroa;403001070;3;1;A côté de la mairie;Pas d'informations;En14;10;ERV;Gestionnaire 01;Enquêteur 14
208502;43;1;NULL;Rangiroa;403001070;4;1;A côté de la mairie;Pas d'informations;En14;10;ERV;Gestionnaire 01;Enquêteur 14
208503;19;1;NULL;Rangiroa;403001070;11;1;A côté de la mairie;Pas d'informations;En14;10;ERV;Gestionnaire 01;Enquêteur 14
208505;71;1;NULL;Rangiroa;403001070;34;1;A côté de la mairie;Pas d'informations;En14;10;NULL;Gestionnaire 01;Enquêteur 14
208506;47;1;NULL;Rangiroa;403001070;35;1;A côté de la mairie;Pas d'informations;En14;10;NULL;Gestionnaire 01;Enquêteur 14
208507;23;1;NULL;Rangiroa;403001070;51;1;A côté de la mairie;Pas d'informations;En14;10;ERV;Gestionnaire 01;Enquêteur 14
208508;99;1;NULL;Rangiroa;403001070;54;1;A côté de la mairie;Pas d'informations;En14;10;ERV;Gestionnaire 01;Enquêteur 14
208518;7;1;NULL;Rangiroa;403001070;131;1;A côté de la mairie;Pas d'informations;En14;10;ERV;Gestionnaire 01;Enquêteur 14
208288;35;1;NULL;Hao;202001050;113;1;A côté de la mairie;Pas d'informations;En05;6;PER;Gestionnaire 01;Enquêteur 05
208289;27;1;NULL;Hao;202001050;114;1;A côté de la mairie;Pas d'informations;En05;6;PER;Gestionnaire 01;Enquêteur 05
208290;99;1;NULL;Hao;202001050;116;1;A côté de la mairie;Pas d'informations;En05;6;ERV;Gestionnaire 01;Enquêteur 05
208291;79;1;NULL;Hao;202001050;118;1;A côté de la mairie;Pas d'informations;En05;6;PER;Gestionnaire 01;Enquêteur 05
208292;59;1;NULL;Hao;202001050;120;1;A côté de la mairie;Pas d'informations;En05;6;IAJ;Gestionnaire 01;Enquêteur 05
208293;39;1;NULL;Hao;202001050;121;1;A côté de la mairie;Pas d'informations;En05;6;ERV;Gestionnaire 01;Enquêteur 05
208294;19;1;NULL;Hao;202001060;4;1;A côté de la mairie;Pas d'informations;En05;6;ALD;Gestionnaire 01;Enquêteur 05
208296;79;1;NULL;Hao;202001060;6;1;A côté de la mairie;Pas d'informations;En05;6;ERV;Gestionnaire 01;Enquêteur 05
208297;59;1;NULL;Hao;202001060;7;1;A côté de la mairie;Pas d'informations;En05;6;IAJ;Gestionnaire 01;Enquêteur 05
208295;99;1;NULL;Hao;202001060;5;1;A côté de la mairie;Pas d'informations;En06;6;ERV;Gestionnaire 01;Enquêteur 06
208298;39;1;NULL;Hao;202001060;10;1;A côté de la mairie;Pas d'informations;En06;6;ERV;Gestionnaire 01;Enquêteur 06
208299;19;1;NULL;Hao;202001060;11;1;A côté de la mairie;Pas d'informations;En06;6;ERP;Gestionnaire 01;Enquêteur 06
208300;63;1;NULL;Hao;202001060;12;1;A côté de la mairie;Pas d'informations;En06;6;ERV;Gestionnaire 01;Enquêteur 06
208301;47;1;NULL;Hao;202001060;13;1;A côté de la mairie;Pas d'informations;En06;6;ERV;Gestionnaire 01;Enquêteur 06
208302;31;1;NULL;Hao;202001060;16;1;A côté de la mairie;Pas d'informations;En06;6;ERV;Gestionnaire 01;Enquêteur 06
208303;15;1;NULL;Hao;202001060;18;1;A côté de la mairie;Pas d'informations;En06;6;ERV;Gestionnaire 01;Enquêteur 06
208322;67;1;NULL;Hao;202001060;58;1;A côté de la mairie;Pas d'informations;En06;6;ERV;Gestionnaire 01;Enquêteur 06
208323;19;1;NULL;Hao;202001060;61;1;A côté de la mairie;Pas d'informations;En06;6;ERV;Gestionnaire 01;Enquêteur 06
208144;75;1;NULL;Gambier;190061040;42;1;A côté de la mairie;Pas d'informations;En07;6;ERV;Gestionnaire 01;Enquêteur 07
208145;35;1;NULL;Gambier;190061040;44;1;A côté de la mairie;Pas d'informations;En07;6;ERV;Gestionnaire 01;Enquêteur 07
208146;95;1;NULL;Gambier;190061040;45;1;A côté de la mairie;Pas d'informations;En07;6;ERV;Gestionnaire 01;Enquêteur 07
208147;55;1;NULL;Gambier;190061040;46;1;A côté de la mairie;Pas d'informations;En07;6;ERV;Gestionnaire 01;Enquêteur 07
208151;87;1;NULL;Gambier;190061040;55;1;A côté de la mairie;Pas d'informations;En07;6;ERV;Gestionnaire 01;Enquêteur 07
208173;43;1;NULL;Gambier;190061040;95;1;A côté de la mairie;Pas d'informations;En07;6;ERV;Gestionnaire 01;Enquêteur 07
208174;79;1;NULL;Gambier;190061040;96;1;A côté de la mairie;Pas d'informations;En07;6;ERV;Gestionnaire 01;Enquêteur 07
208175;15;1;NULL;Gambier;190061040;98;1;A côté de la mairie;Pas d'informations;En07;6;ERV;Gestionnaire 01;Enquêteur 07
208176;51;1;NULL;Gambier;190061040;99;1;A côté de la mairie;Pas d'informations;En07;6;ERV;Gestionnaire 01;Enquêteur 07
208138;79;1;NULL;Gambier;190061040;31;1;A côté de la mairie;Pas d'informations;En08;6;ERV;Gestionnaire 01;Enquêteur 08
208139;47;1;NULL;Gambier;190061040;32;1;A côté de la mairie;Pas d'informations;En08;6;ERV;Gestionnaire 01;Enquêteur 08
208140;35;1;NULL;Gambier;190061040;33;1;A côté de la mairie;Pas d'informations;En08;6;ERV;Gestionnaire 01;Enquêteur 08
208141;95;1;NULL;Gambier;190061040;34;1;A côté de la mairie;Pas d'informations;En08;6;ERV;Gestionnaire 01;Enquêteur 08
208142;55;1;NULL;Gambier;190061040;37;1;A côté de la mairie;Pas d'informations;En08;6;ERV;Gestionnaire 01;Enquêteur 08
208143;15;1;NULL;Gambier;190061040;40;1;A côté de la mairie;Pas d'informations;En08;6;ERV;Gestionnaire 01;Enquêteur 08
208170;35;1;NULL;Gambier;190061040;90;1;A côté de la mairie;Pas d'informations;En08;6;ERV;Gestionnaire 01;Enquêteur 08
208171;71;1;NULL;Gambier;190061040;92;1;A côté de la mairie;Pas d'informations;En08;6;ERV;Gestionnaire 01;Enquêteur 08
208172;7;1;NULL;Gambier;190061040;93;1;A côté de la mairie;Pas d'informations;En08;6;PER;Gestionnaire 01;Enquêteur 08
208602;99;1;NULL;Rangiroa;403001120;31;1;A côté de la mairie;Pas d'informations;En13;6;ALD;Gestionnaire 01;Enquêteur 13
208603;71;1;NULL;Rangiroa;403001120;41;1;A côté de la mairie;Pas d'informations;En13;6;NULL;Gestionnaire 01;Enquêteur 13
208604;43;1;NULL;Rangiroa;403001120;46;1;A côté de la mairie;Pas d'informations;En13;6;ALD;Gestionnaire 01;Enquêteur 13
208605;15;1;NULL;Rangiroa;403001120;48;1;A côté de la mairie;Pas d'informations;En13;6;NULL;Gestionnaire 01;Enquêteur 13
208606;87;1;NULL;Rangiroa;403001120;50;1;A côté de la mairie;Pas d'informations;En13;6;OCC;Gestionnaire 01;Enquêteur 13
208607;59;1;NULL;Rangiroa;403001120;53;1;A côté de la mairie;Pas d'informations;En13;6;ALD;Gestionnaire 01;Enquêteur 13
208609;3;1;NULL;Rangiroa;403001120;62;1;A côté de la mairie;Pas d'informations;En13;6;VAC;Gestionnaire 01;Enquêteur 13
208610;55;1;NULL;Rangiroa;403001120;66;1;A côté de la mairie;Pas d'informations;En13;6;NULL;Gestionnaire 01;Enquêteur 13
208476;67;1;NULL;Rangiroa;403001050;63;1;A côté de la mairie;Pas d'informations;En14;6;ERV;Gestionnaire 01;Enquêteur 14
208477;7;1;NULL;Rangiroa;403001050;64;1;A côté de la mairie;Pas d'informations;En14;6;ERV;Gestionnaire 01;Enquêteur 14
208479;87;1;NULL;Rangiroa;403001060;7;1;A côté de la mairie;Pas d'informations;En14;6;ERV;Gestionnaire 01;Enquêteur 14
208480;27;1;NULL;Rangiroa;403001060;8;1;A côté de la mairie;Pas d'informations;En14;6;PER;Gestionnaire 01;Enquêteur 14
208481;47;1;NULL;Rangiroa;403001060;14;1;A côté de la mairie;Pas d'informations;En14;6;ERV;Gestionnaire 01;Enquêteur 14
208485;27;1;NULL;Rangiroa;403001060;26;1;A côté de la mairie;Pas d'informations;En14;6;ERV;Gestionnaire 01;Enquêteur 14
208486;47;1;NULL;Rangiroa;403001060;30;1;A côté de la mairie;Pas d'informations;En14;6;ERV;Gestionnaire 01;Enquêteur 14
208497;27;1;NULL;Rangiroa;403001060;68;1;A côté de la mairie;Pas d'informations;En14;6;ERV;Gestionnaire 01;Enquêteur 14
208498;27;1;NULL;Rangiroa;403001060;69;1;A côté de la mairie;Pas d'informations;En14;6;ERV;Gestionnaire 01;Enquêteur 14
208216;55;1;NULL;Hao;202001040;2;1;A côté de la mairie;Pas d'informations;En05;2;IAJ;Gestionnaire 01;Enquêteur 05
208217;31;1;NULL;Hao;202001040;3;1;A côté de la mairie;Pas d'informations;En05;2;ERV;Gestionnaire 01;Enquêteur 05
208218;7;1;NULL;Hao;202001040;5;1;A côté de la mairie;Pas d'informations;En05;2;ERV;Gestionnaire 01;Enquêteur 05
208220;99;1;NULL;Hao;202001040;8;1;A côté de la mairie;Pas d'informations;En05;2;ALD;Gestionnaire 01;Enquêteur 05
208238;15;1;NULL;Hao;202001050;2;1;A côté de la mairie;Pas d'informations;En05;2;ERV;Gestionnaire 01;Enquêteur 05
208239;67;1;NULL;Hao;202001050;4;1;A côté de la mairie;Pas d'informations;En05;2;IAJ;Gestionnaire 01;Enquêteur 05
208240;99;1;NULL;Hao;202001050;6;1;A côté de la mairie;Pas d'informations;En05;2;ERV;Gestionnaire 01;Enquêteur 05
208241;39;1;NULL;Hao;202001050;7;1;A côté de la mairie;Pas d'informations;En05;2;ERV;Gestionnaire 01;Enquêteur 05
208242;79;1;NULL;Hao;202001050;8;1;A côté de la mairie;Pas d'informations;En05;2;ERV;Gestionnaire 01;Enquêteur 05
208251;27;1;NULL;Hao;202001050;27;1;A côté de la mairie;Pas d'informations;En06;2;ERV;Gestionnaire 01;Enquêteur 06
208252;55;1;NULL;Hao;202001050;32;1;A côté de la mairie;Pas d'informations;En06;2;ERV;Gestionnaire 01;Enquêteur 06
208253;83;1;NULL;Hao;202001050;33;1;A côté de la mairie;Pas d'informations;En06;2;ERV;Gestionnaire 01;Enquêteur 06
208254;11;1;NULL;Hao;202001050;34;1;A côté de la mairie;Pas d'informations;En06;2;ERV;Gestionnaire 01;Enquêteur 06
208255;39;1;NULL;Hao;202001050;35;1;A côté de la mairie;Pas d'informations;En06;2;ERV;Gestionnaire 01;Enquêteur 06
208256;67;1;NULL;Hao;202001050;37;1;A côté de la mairie;Pas d'informations;En06;2;ERV;Gestionnaire 01;Enquêteur 06
208257;95;1;NULL;Hao;202001050;38;1;A côté de la mairie;Pas d'informations;En06;2;ERV;Gestionnaire 01;Enquêteur 06
208258;23;1;NULL;Hao;202001050;39;1;A côté de la mairie;Pas d'informations;En06;2;ERV;Gestionnaire 01;Enquêteur 06
208259;51;1;NULL;Hao;202001050;47;1;A côté de la mairie;Pas d'informations;En06;2;ERV;Gestionnaire 01;Enquêteur 06
208012;55;1;NULL;Gambier;190061010;30;1;A côté de la mairie;Pas d'informations;En07;2;ERV;Gestionnaire 01;Enquêteur 07
208013;47;1;NULL;Gambier;190061010;31;1;A côté de la mairie;Pas d'informations;En07;2;ERV;Gestionnaire 01;Enquêteur 07
208014;39;1;NULL;Gambier;190061010;32;1;A côté de la mairie;Pas d'informations;En07;2;ERV;Gestionnaire 01;Enquêteur 07
208015;31;1;NULL;Gambier;190061010;33;1;A côté de la mairie;Pas d'informations;En07;2;ERV;Gestionnaire 01;Enquêteur 07
208016;23;1;NULL;Gambier;190061010;37;1;A côté de la mairie;Pas d'informations;En07;2;ERV;Gestionnaire 01;Enquêteur 07
208021;59;1;NULL;Gambier;190061010;52;1;A côté de la mairie;Pas d'informations;En07;2;ERV;Gestionnaire 01;Enquêteur 07
208024;23;1;NULL;Gambier;190061010;55;1;A côté de la mairie;Pas d'informations;En07;2;ERV;Gestionnaire 01;Enquêteur 07
208042;31;1;NULL;Gambier;190061010;99;1;A côté de la mairie;Pas d'informations;En07;2;ERV;Gestionnaire 01;Enquêteur 07
208044;91;1;NULL;Gambier;190061010;105;1;A côté de la mairie;Pas d'informations;En07;2;ERV;Gestionnaire 01;Enquêteur 07
208010;71;1;NULL;Gambier;190061010;26;1;A côté de la mairie;Pas d'informations;En08;2;ERV;Gestionnaire 01;Enquêteur 08
208011;63;1;NULL;Gambier;190061010;28;1;A côté de la mairie;Pas d'informations;En08;2;ERV;Gestionnaire 01;Enquêteur 08
208017;15;1;NULL;Gambier;190061010;38;1;A côté de la mairie;Pas d'informations;En08;2;ERV;Gestionnaire 01;Enquêteur 08
208018;7;1;NULL;Gambier;190061010;39;1;A côté de la mairie;Pas d'informations;En08;2;ERV;Gestionnaire 01;Enquêteur 08
208019;99;1;NULL;Gambier;190061010;40;1;A côté de la mairie;Pas d'informations;En08;2;ERV;Gestionnaire 01;Enquêteur 08
208020;71;1;NULL;Gambier;190061010;45;1;A côté de la mairie;Pas d'informations;En08;2;ERV;Gestionnaire 01;Enquêteur 08
208039;27;1;NULL;Gambier;190061010;92;1;A côté de la mairie;Pas d'informations;En08;2;ERV;Gestionnaire 01;Enquêteur 08
208043;11;1;NULL;Gambier;190061010;104;1;A côté de la mairie;Pas d'informations;En08;2;ERV;Gestionnaire 01;Enquêteur 08
208045;71;1;NULL;Gambier;190061010;109;1;A côté de la mairie;Pas d'informations;En08;2;ERV;Gestionnaire 01;Enquêteur 08
208630;55;1;NULL;Rangiroa;403001140;25;1;A côté de la mairie;Pas d'informations;En13;2;ERV;Gestionnaire 01;Enquêteur 13
208631;43;1;NULL;Rangiroa;403001140;30;1;A côté de la mairie;Pas d'informations;En13;2;ERV;Gestionnaire 01;Enquêteur 13
208632;31;1;NULL;Rangiroa;403001140;32;1;A côté de la mairie;Pas d'informations;En13;2;ERV;Gestionnaire 01;Enquêteur 13
208633;19;1;NULL;Rangiroa;403001140;44;1;A côté de la mairie;Pas d'informations;En13;2;ERV;Gestionnaire 01;Enquêteur 13
208634;7;1;NULL;Rangiroa;403001140;51;1;A côté de la mairie;Pas d'informations;En13;2;ERV;Gestionnaire 01;Enquêteur 13
208635;95;1;NULL;Rangiroa;403001140;54;1;A côté de la mairie;Pas d'informations;En13;2;ERV;Gestionnaire 01;Enquêteur 13
208636;83;1;NULL;Rangiroa;403001140;57;1;A côté de la mairie;Pas d'informations;En13;2;ERV;Gestionnaire 01;Enquêteur 13
208640;55;1;NULL;Rangiroa;403001140;95;1;A côté de la mairie;Pas d'informations;En13;2;ERV;Gestionnaire 01;Enquêteur 13
208641;15;1;NULL;Rangiroa;403001140;96;1;A côté de la mairie;Pas d'informations;En13;2;ALD;Gestionnaire 01;Enquêteur 13
208440;27;1;NULL;Rangiroa;403001030;80;1;A côté de la mairie;Pas d'informations;En14;2;ALD;Gestionnaire 01;Enquêteur 14
208451;7;1;NULL;Rangiroa;403001040;14;1;A côté de la mairie;Pas d'informations;En14;2;NULL;Gestionnaire 01;Enquêteur 14
208452;87;1;NULL;Rangiroa;403001040;21;1;A côté de la mairie;Pas d'informations;En14;2;ERV;Gestionnaire 01;Enquêteur 14
208453;67;1;NULL;Rangiroa;403001040;27;1;A côté de la mairie;Pas d'informations;En14;2;ERV;Gestionnaire 01;Enquêteur 14
208454;47;1;NULL;Rangiroa;403001040;33;1;A côté de la mairie;Pas d'informations;En14;2;ERV;Gestionnaire 01;Enquêteur 14
208455;27;1;NULL;Rangiroa;403001040;35;1;A côté de la mairie;Pas d'informations;En14;2;ERV;Gestionnaire 01;Enquêteur 14
208456;7;1;NULL;Rangiroa;403001040;36;1;A côté de la mairie;Pas d'informations;En14;2;ERV;Gestionnaire 01;Enquêteur 14
208457;87;1;NULL;Rangiroa;403001040;50;1;A côté de la mairie;Pas d'informations;En14;2;ERV;Gestionnaire 01;Enquêteur 14
208458;67;1;NULL;Rangiroa;403001040;52;1;A côté de la mairie;Pas d'informations;En14;2;ERV;Gestionnaire 01;Enquêteur 14
